canonical_smiles,pIC50
Brc1ccc(-c2csc(N/N=C/c3ccccn3)n2)cc1,5.022276394711152
C#CCCCCOC1=CC(=O)N(C(=O)/C=C/[C@H](C)NC(=O)[C@H](CC(C)C)NC(=O)[C@H](CC(C)C)OC(=O)[C@H]([C@@H](C)CC)N(C)C)[C@@H]1C,9.327902142064282
C(=C/c1ccccc1)\CN1CCN(C(c2ccccc2)c2ccccc2)CC1,3.714728530059051
C/C(=N/N=C(/N)S)c1cccc(/C(C)=N/N=C(/N)S)c1,5.301029995663981
C/C(=N/NC(N)=S)C1=CCCc2ccccc21,4.698970004336019
C/C(=N/OC(=O)c1ccccc1)c1ccc2c(c1)N(CCCN(C)C)c1ccccc1S2,3.690369832574101
C/C(=N\N=C(/S)N1CCCCC1)c1cccc(Br)c1,5.301029995663981
C/C(=N\N=C(/S)N1CCN(C)CC1)c1cccc(Br)c1,5.301029995663981
C/C(=N\N=C(\N)S)c1cc(C(F)(F)F)cc(C(F)(F)F)c1,7.221921144096424
C/C(=N\N=C(\N)S)c1ccc(-c2ccccc2)cc1,5.301019862480728
C/C(=N\N=C(\N)S)c1ccc(Br)s1,5.42021640338319
C/C(=N\N=C(\N)S)c1ccc(Cl)c(Cl)c1,7.163091560464783
C/C(=N\N=C(\N)S)c1ccc(Cl)s1,5.721246399047171
C/C(=N\N=C(\N)S)c1ccc(N2CCOCC2)cc1,5.0
C/C(=N\N=C(\N)S)c1ccc(Nc2ccccc2)cc1,4.698970004336019
C/C(=N\N=C(\N)S)c1ccc(Oc2ccccc2)cc1,5.0
C/C(=N\N=C(\N)S)c1cccc(-c2ccccc2)c1,5.096955075735973
C/C(=N\N=C(\N)S)c1cccc(Br)c1,6.960348999690674
C/C(=N\N=C(\N)S)c1cccc(C(F)(F)F)c1,6.769704440232881
C/C(=N\N=C(\N)S)c1cccc(Nc2ccccc2)c1,4.698970004336019
C/C(=N\N=C(\N)S)c1cccc(Oc2ccccc2)c1,5.0
C/C(=N\N=C(\N)S)c1ccccc1Br,5.4089353929735005
C/C(=N\N=C(\N)S)c1ccccc1Cl,5.0
C/C(=N\NC(N)=O)c1ccc(Cl)c(Cl)c1,5.0
C/C(=N\NC(N)=O)c1cccc(Br)c1,5.0
C/C(=N\NC(N)=O)c1cccc(C(F)(F)F)c1,5.0
C/C(=N\NC(N)=O)c1cccc(Cl)c1,5.0
C/C(=N\NC(N)=S)c1ccc([N+](=O)[O-])cc1,5.119593082209272
C/C(=N\NC(N)=S)c1cccc(Cl)c1,4.5221643857335145
C/C(=N\NC(N)=S)c1ccccn1,4.698970004336019
C/C(=N\Nc1nc(-c2ccc(C)cc2)cs1)c1ccccn1,6.3979400086720375
C/C(=N\Nc1nc(-c2ccc(Cl)c(Cl)c2)cs1)c1ccccn1,6.3979400086720375
C/C(=N\Nc1nc(-c2ccc(Cl)cc2Cl)cs1)c1ccccn1,5.318758762624412
C/C(=N\Nc1nc(-c2ccc(F)cc2)cs1)c1ccccn1,6.522878745280337
C/C(=N\Nc1nc(-c2ccc3ccccc3c2)cs1)c1ccccn1,8.0
C/C(=N\Nc1nc(-c2ccccc2)cs1)c1ccccn1,5.886056647693163
C/C(=N\Nc1nc(C)c(C)s1)c1ccc(Cl)c(Cl)c1,5.045757490560675
C/C(=N\Nc1nc(C)cs1)c1ccc(Cl)c(Cl)c1,6.221848749616356
C/C(=N\OC(=O)c1ccccc1)c1ccc2c(c1)N(CCCN(C)C)c1cc(Cl)ccc1S2,3.701146923590293
C/C(COc1ccccc1)=N\N=C1/NC(=O)C(C(C)C)S1,4.723538195826756
C/C(COc1ccccc1)=N\N=C1\SC(C(C)C)C(=O)N1C,5.096910013008056
C/C(COc1ccccc1)=N\N=C1\SC(C(C)C)C(=O)N1c1ccccc1,5.180456064458132
C/C(COc1ccccc1)=N\N=C1\SC(C)C(=O)N1c1ccccc1,4.966576244513051
C/C(COc1ccccc1)=N\N=C1\SC(c2ccccc2)C(=S)N1c1ccccc1,5.154901959985743
C/C(COc1ccccc1)=N\N=C1\SCC(=O)N1c1ccccc1,4.991399828238082
C/C(COc1ccccc1)=N\Nc1nc(-c2ccccc2)cs1,4.698970004336019
C/N=C(\S)N1CCC(c2cccc(Br)c2)=N1,5.0
C=C(C)CSc1cc(N)c(C#N)c(-c2ccc(C)cc2)c1C#N,4.5713337517843655
C=CC(=O)/C=C/c1ccccc1Cl,5.3979400086720375
C=CC(=O)C1=CCCc2ccc(Br)cc21,6.096910013008056
C=CC(C)(C)c1cc2cc3c(cc2oc1=O)O[C@H](C(C)(C)O)C3,4.1938200260161125
C=CC/C=C/C/C=C/CCCCCCCc1cccc(O)c1C(=O)O,4.42021640338319
C=CC/C=C\C/C=C\CCCCCCCc1cccc(O)c1C(=O)O,4.552841968657781
C=CCCn1c(CCNC(=O)COc2ccccc2Cl)nc2ccccc21,4.621602099051862
C=CCN1C(=O)C(CC(=O)O)S/C1=N\c1sc2c(c1C(=O)OC(C)C)CCCC2,3.9546770212133424
C=CCN1C(=O)C(CC(=O)O)S/C1=N\c1sc2c(c1C(=O)OCC)CCCC2,4.301029995663981
C=CCNC(=O)c1cc([N+](=O)[O-])cc2c(=O)[nH]c(Nc3ccc(Cl)c(Cl)c3)nc12,4.221848749616356
C=CCNC(=S)N/N=C/c1ccc2no[n+]([O-])c2c1,4.0
C=CCn1c(-c2ccccc2)cs/c1=N\c1sc2c(c1C(=O)OCC)CCCC2,5.619788758288394
C=CCn1c(=S)sc2c(Sc3nnc(-c4ccco4)o3)ncnc21,5.154901959985743
C=CCn1c(C)c(C(=O)OCC)s/c1=N\c1sc2c(c1C(=O)OCC)CCCC2,4.070581074285707
CC(=O)C1=CCCc2ccccc21,5.866461091629782
CC(=O)N1c2ccccc2Sc2ccc(C(=O)CCl)cc21,3.360513510731414
CC(=O)N[C@@H]1[C@@H](O)C=C(P(=O)(O)CCO[C@H]2[C@@H](O)[C@@H](CO)OC(O)[C@@H]2O)C[C@@H]1O,2.8239087409443187
CC(=O)Nc1ccc(C(=O)O)cc1CO,3.2676062401770314
CC(=O)Nc1ccc(C(=O)O)nc1N,3.356547323513813
CC(=O)Nc1ccc(C(Nc2cccc3ccccc23)P(=O)(O)O)cc1,3.638272163982407
CC(=O)OC1(C#N)CN2CCC1CC2,4.2839966563652006
CC(=O)Oc1ccc(-c2cc3cc(OC(C)=O)c(OC(C)=O)cc3oc2=O)cc1OC(C)=O,4.749579997691106
CC(=O)Oc1ccc(C2Oc3cc(OC(C)=O)cc(O)c3C(=O)C2c2c(OC(C)=O)cc(O)c3c(=O)cc(-c4ccc(OC(C)=O)c(OC(C)=O)c4)oc23)cc1,3.2700257143004445
CC(=O)c1ccc2c(c1)N(C(C)=O)c1cc(C(C)=O)ccc1S2,4.308918507877031
CC(=O)c1ccc2c(c1)N(C(C)=O)c1cc(Cl)ccc1S2,3.39577394691553
CC(=O)c1ccc2c(c1)N(C(C)=O)c1ccccc1S2,2.5511391543925592
CC(=O)c1ccc2c(c1)N(CCCN(C)C)c1cc(C(C)=O)ccc1S2,3.3260580013659125
CC(=O)c1ccc2c(c1)N(CCCN(C)C)c1cc(Cl)ccc1S2,3.7569619513137056
CC(=O)c1ccc2c(c1)N(CCCN(C)C)c1ccccc1S2,3.2992962828549808
CC(=O)c1sc(C(C)(C)C)cc1NC(=O)c1ccccc1C(=O)O,3.5686362358410126
CC(=O)c1sccc1NC(=O)c1ccccc1C(=O)O,3.537602002101044
CC(=O)n1c(CCNC(=O)COc2ccc(Br)cc2)nc2ccccc21,5.00436480540245
CC(C)(C)/C(=N\N=C(\N)S)c1ccc(Cl)c(Cl)c1,5.0
CC(C)(C)NCC(P(=O)(O)O)P(=O)(O)O,5.070256722847569
CC(C)(C)OC(=O)NCCc1nnc(S(=O)(=O)Cc2ccc(Cl)cc2Cl)o1,3.675089268387717
CC(C)(C)OC(=O)NCc1nnc(S(=O)(=O)Cc2ccc(Cl)cc2Cl)o1,3.704746268995709
CC(C)(C)OC(=O)NNC(=O)c1ccc([N+](=O)[O-])o1,4.301029995663981
CC(C)(C)[C@H](N[C@@H](c1ccc(-c2ccc(S(C)(=O)=O)cc2)cc1)C(F)(F)F)C(=O)N[C@H](C#N)Cc1ccccc1,6.42021640338319
CC(C)(C)c1cc(NC(=O)c2nnc(-c3ccccc3N)o2)n[nH]1,5.698970004336019
CC(C)(C)c1cc2ncnc(NNC(=O)c3cccs3)c2s1,5.200659450546418
CC(C)(C)c1ccc(C[N+](C)(C)CCCN2c3ccccc3Sc3ccc(Cl)cc32)cc1,5.3872161432802645
CC(C)(C)c1ccc([N+](C)(C)CCCN)cc1,6.221848749616356
CC(C)(C)c1cccc(NC(P(=O)(O)O)P(=O)(O)O)c1,3.5214393741071595
CC(C)(F)C[C@H](N[C@@H](c1ccc(-c2ccc(-c3ccncc3)cc2)cc1)C(F)(F)F)C(=O)N[C@H](C#N)Cc1ccccc1,8.096910013008056
CC(C)(F)C[C@H](N[C@@H](c1ccc(-c2ccc(C3(C(=O)N4CCOCC4)CC3)cc2)cc1)C(F)(F)F)C(=O)N[C@H](C#N)Cc1ccccc1,8.522878745280337
CC(C)(F)C[C@H](N[C@@H](c1ccc(-c2ccc(C3(C(N)=O)CC3)cc2)cc1)C(F)(F)F)C(=O)N[C@H](C#N)Cc1ccccc1,8.522878745280337
CC(C)(F)C[C@H](N[C@@H](c1ccc(-c2ccc(N3CCNCC3)cc2)cc1)C(F)(F)F)C(=O)NCC#N,9.096910013008056
CC(C)(F)C[C@H](N[C@@H](c1ccc(-c2ccc(S(C)(=O)=O)cc2)cc1)C(F)(F)F)C(=O)NCC#N,6.73754891026957
CC(C)(F)C[C@H](N[C@@H](c1ccc(-c2ccc(S(C)(=O)=O)cc2)cc1)C(F)(F)F)C(=O)N[C@@H](C#N)Cc1ccc(C#N)cc1F,7.769551078621726
CC(C)(F)C[C@H](N[C@@H](c1ccc(-c2ccc(S(C)(=O)=O)cc2)cc1)C(F)(F)F)C(=O)N[C@H](C#N)C1(c2ccccc2)CC1,5.0
CC(C)(F)C[C@H](N[C@@H](c1ccc(-c2ccc(S(C)(=O)=O)cc2)cc1)C(F)(F)F)C(=O)N[C@H](C#N)CC(F)(F)F,6.886056647693163
CC(C)(F)C[C@H](N[C@@H](c1ccc(-c2ccc(S(C)(=O)=O)cc2)cc1)C(F)(F)F)C(=O)N[C@H](C#N)CCc1ccccc1,6.292429823902063
CC(C)(F)C[C@H](N[C@@H](c1ccc(-c2ccc(S(C)(=O)=O)cc2)cc1)C(F)(F)F)C(=O)N[C@H](C#N)Cc1ccc(C#N)cc1F,8.986202438280591
CC(C)(F)C[C@H](N[C@@H](c1ccc(-c2ccc(S(C)(=O)=O)cc2)cc1)C(F)(F)F)C(=O)N[C@H](C#N)Cc1ccccc1,8.096910013008056
CC(C)(F)C[C@H](N[C@@H](c1ccc(-c2ccc(S(C)(=O)=O)cc2)cc1)C(F)(F)F)C(=O)N[C@H](C#N)Cc1ccncc1,8.221848749616356
CC(C)(F)C[C@H](N[C@@H](c1ccc(-c2ccc([C@@H](O)C(F)F)cc2)cc1)C(F)(F)F)C(=O)N[C@H](C#N)Cc1ccccc1,8.096910013008056
CC(C)(F)C[C@H](N[C@@H](c1ccc(-c2cn[nH]c2)cc1)C(F)(F)F)C(=O)N[C@H](C#N)Cc1ccccc1,7.481486060122113
CC(C)/N=C(\S)N1CCC(c2cccc(Br)c2)=N1,5.0
CC(C)/N=c1\cc2n(-c3ccc(Cl)cc3)c3ccccc3nc-2cc1Nc1ccc(Cl)cc1,4.809894379144197
CC(C)=CCC/C(C)=C/CC/C(C)=C/CC/C(C)=C/CC1=C(C)C(=O)c2ccccc2C1=O,4.221848749616356
CC(C)=CCC/C(C)=C\Cc1c(O)cc(O)c(C(=O)CCc2ccc(O)cc2)c1O,5.1487416512809245
CC(C)=CCC1=C(O)c2ccccc2/C(=N/NC(=O)c2ccncc2)C1=O,4.481486060122113
CC(C)=CCC1=C(O)c2ccccc2/C(=N/NC(N)=S)C1=O,4.468521082957745
CC(C)=CCc1cc(CCC(=O)c2c(O)cc3c(c2O)CCC(C)(C)O3)ccc1O,4.920818753952375
CC(C)C(NC(=O)c1ccco1)C(=O)NCC(c1ccco1)N1CCCCC1,5.154901959985743
CC(C)CC(=O)c1ccc(OC(F)F)c(OC2CCCC2)c1,5.494850021680094
CC(C)CC(NC(=O)c1ccc(-c2ccccc2)o1)C(=O)NC1(C#N)CC1,4.518557371497695
CC(C)CCNCC(P(=O)(O)O)P(=O)(O)O,5.104569018437284
CC(C)CNCC(P(=O)(O)O)P(=O)(O)O,5.872497092660581
CC(C)CNc1nc(C#N)nc(Nc2ccccc2)n1,6.050609993355088
CC(C)C[C@@H]1N[C@@H](C(=O)Nc2ccccc2)CCCCC[C@@H](/C=C/S(=O)(=O)c2ccccc2)NC1=O,5.698970004336019
CC(C)C[C@@H]1N[C@@H](C(=O)Nc2ccccc2)CCCC[C@@H](/C=C/S(=O)(=O)c2ccccc2)NC1=O,5.0
CC(C)C[C@H](NC(=O)[C@@H]1O[C@H]1C(=O)O)C(=O)NCCCCN=C(N)N,6.537860356969059
CC(C)C[C@H](NC(=O)[C@H]1O[C@@H]1C(=O)O)C(=O)NCCCCN=C(N)N,7.048455006504028
CC(C)C[C@H](N[C@@H](c1ccc(-c2ccc(N3CCNCC3)cc2)cc1)C(F)(F)F)C(=O)NCC#N,8.744727494896694
CC(C)C[C@H](N[C@@H](c1ccc(-c2ccc(S(C)(=O)=O)cc2)cc1)C(F)(F)F)C(=O)N[C@H](C#N)Cc1ccccc1,9.69897000433602
CC(C)NCC(P(=O)(O)O)P(=O)(O)O,5.986398814368799
CC(C)Nc1cccnc1N1CCN(C(=O)c2cc3cc(NS(C)(=O)=O)ccc3[nH]2)CC1.CS(=O)(=O)O,3.806305086830635
CC(C)Nc1nc(C#N)nc(Nc2ccccc2)n1,6.050609993355088
CC(C)OC(=O)C(C)(C)Oc1ccc(C(=O)c2ccc(Cl)cc2)cc1,3.757850080326607
CC(C)Oc1ccccc1/C=C(\CC(=O)O)c1nc2ccccc2s1,3.6807553715226815
CC(C)[C@H](NC(=O)OC(C)(C)C)c1nnc(S(=O)(=O)Cc2c(F)cccc2Cl)o1,6.0
CC(C)[C@H](N[C@@H](c1ccc(-c2ccc(C3(C(N)=O)CC3)cc2)cc1)C(F)(F)F)C(=O)N[C@H](C#N)Cc1ccc(C#N)cc1F,9.69897000433602
CC(C)[C@H](N[C@@H](c1ccc(-c2ccc(S(C)(=O)=O)cc2)cc1)C(F)(F)F)C(=O)N[C@H](C#N)Cc1ccc(C#N)cc1F,9.69897000433602
CC(C)[C@H](N[C@@H](c1ccc(-c2ccc(S(C)(=O)=O)cc2)cc1)C(F)(F)F)C(=O)N[C@H](C#N)Cc1ccccc1,8.698970004336019
CC(C)[C@H](N[C@@H](c1ccc(-c2ccc([C@@H](O)C(F)F)cc2)cc1)C(F)(F)F)C(=O)N[C@H](C#N)Cc1ccc(C#N)cc1F,9.397940008672036
CC(C)[C@](C)(NCc1ccc2ncccc2c1)c1cn(C(CCS(C)(=O)=O)C(=O)COc2c(F)c(F)cc(F)c2F)nn1,6.251811972993799
CC(C)[C@](C)(NCc1ccc2ncsc2c1)c1cn(C(CCS(C)(=O)=O)C(=O)COc2c(F)c(F)cc(F)c2F)nn1,6.903089986991944
CC(C)[C@](C)(NCc1ccc2occc2c1)c1cn(C(CCS(C)(=O)=O)C(=O)COc2c(F)c(F)cc(F)c2F)nn1,6.055517327849832
CC(C)[C@](C)(NCc1ccn2nccc2n1)c1cn(C(CCS(C)(=O)=O)C(=O)COc2c(F)c(F)cc(F)c2F)nn1,6.330683119433888
CC(CN(C)C)CN1c2ccccc2Sc2ccccc21,3.603800652904264
CC(CN1c2ccccc2Sc2ccccc21)N(C)C,3.567030709125594
CC(NC(=O)c1ccccc1Cl)C(=O)OC(C(=O)Nc1cc(C(F)(F)F)ccc1Cl)c1ccccc1,4.958607314841775
CC(NC(=O)c1nnc(-c2ccccc2N)o1)C12CC3CC(CC(C3)C1)C2,4.7447274948966935
CC(NS(=O)(=O)c1ccccc1)C(=O)Nc1ccccc1Sc1ccccc1,4.0
CC/C(=N\N=C(/S)NC(C)C)c1cccc(Br)c1,5.0
CC/C(=N\N=C(/S)NC)c1cccc(Br)c1,5.0
CC/C(=N\N=C(/S)NCCN1CCNCC1)c1cccc(Br)c1,5.0
CC/C(=N\N=C(/S)NCc1ccco1)c1cccc(Br)c1,5.0
CC/C(=N\N=C(/S)Nc1ccc(C(F)(F)F)cc1)c1cccc(Br)c1,5.3979400086720375
CC/C(=N\N=C(/S)Nc1ccccc1)c1cccc(Br)c1,5.0
CC/C(=N\N=C(\N)S)c1cc(C(F)(F)F)cc(C(F)(F)F)c1,7.698970004336019
CC/C(=N\N=C(\N)S)c1ccc(Br)cc1,5.0
CC/C(=N\N=C(\N)S)c1ccc(Cl)c(Cl)c1,7.520094452771488
CC/C(=N\N=C(\N)S)c1ccc(Cl)cc1,5.0
CC/C(=N\N=C(\N)S)c1ccc(Cl)cc1Cl,5.0
CC/C(=N\N=C(\N)S)c1ccc(OC)cc1,5.0
CC/C(=N\N=C(\N)S)c1ccc2cc(OC)ccc2c1,5.0
CC/C(=N\N=C(\N)S)c1cccc(Br)c1,6.969229586014399
CC/C(=N\N=C(\N)S)c1cccc(C(F)(F)F)c1,7.301029995663981
CC/C(=N\N=C(\N)S)c1cccc(Cl)c1,6.079318341630633
CC/C(=N\N=C(\N)S)c1cccc(F)c1,5.0
CC/C(=N\N=C(\N)S)c1ccccc1,5.0
CC/C(=N\NC(N)=O)c1cc(C(F)(F)F)cc(C(F)(F)F)c1,5.0
CC/C(=N\NC(N)=O)c1ccc(Cl)c(Cl)c1,5.0
CC/C(=N\NC(N)=O)c1cccc(Br)c1,5.0
CC/C(=N\NC(N)=O)c1cccc(C(F)(F)F)c1,5.0
CC/C(=N\NC(N)=O)c1cccc(Cl)c1,5.0
CC/C(=N\NC(N)=S)c1cccc(N)c1,5.438898616350944
CC/C(=N\NC(N)=S)c1cccc(O)c1,4.481486060122113
CC/C(=N\NC(N)=S)c1cccc([N+](=O)[O-])c1,6.102901728077988
CC/C(=N\Nc1nc(-c2ccc(Br)cc2)c(C)s1)c1cccc(Br)c1,5.42021640338319
CC/C(=N\Nc1nc(-c2ccc(C)cc2)cs1)c1cccc(Br)c1,4.716698771296451
CC/C(=N\Nc1nc(-c2ccc(Cl)c(Cl)c2)cs1)c1cccc(Br)c1,4.94692155651658
CC/C(=N\Nc1nc(-c2ccc(Cl)cc2)cs1)c1cccc(Br)c1,4.485452247339714
CC/C(=N\Nc1nc(-c2ccc(Cl)cc2Cl)cs1)c1cccc(Br)c1,4.82102305270683
CC/C(=N\Nc1nc(-c2ccc(F)cc2)cs1)c1cccc(Br)c1,4.782516055786093
CC/C(=N\Nc1nc(-c2ccc3ccccc3c2)cs1)c1cccc(Br)c1,5.022276394711152
CC/C(=N\Nc1nc(-c2cccc([N+](=O)[O-])c2)cs1)c1cccc(Br)c1,4.835647144215563
CC/C(=N\Nc1nc(-c2ccccc2)c(C)s1)c1cccc(Br)c1,6.292429823902063
CC/C(=N\Nc1nc(-c2ccccc2)cs1)c1cccc(Br)c1,4.350665141287858
CC/N=C(\S)N/N=C(\CC)c1cccc(Br)c1,5.0
CC/N=C(\S)N1CCC(c2cccc(Br)c2)=N1,5.0
CC1(C)CCc2c(cc(O)c(C(=O)CCc3ccc4c(c3)CC3C(C)(C)CCCC3(C)O4)c2O)O1,5.060480747381382
CC1(C)CCc2cc(CCC(=O)c3c(O)cc4c(c3O)CCC(C)(C)O4)ccc2O1,4.665546248849069
CC12CN3CC(C)(C1)C[N+](Cc1cccc(Br)c1)(C3)C2,4.0
CC1=C(CCC(=O)N2CCN(C)CC2)C(=O)c2c(O)cccc2C1=O,4.301029995663981
CC1=C(CCC(=O)N2CCN(C)CC2)C(=O)c2ccccc2C1=O,4.301029995663981
CC1=C(CCC(=O)NCCCCNCCCNC(=O)CCC2=C(C)C(=O)c3cccc(O)c3C2=O)C(=O)c2c(O)cccc2C1=O,5.537602002101044
CC1=C(CCC(=O)NCCCCNCCCNC(=O)CCC2=C(C)C(=O)c3ccccc3C2=O)C(=O)c2ccccc2C1=O,5.568636235841013
CC1=C(CCC(=O)NCCCN2CCN(C)CC2)C(=O)c2c(O)cccc2C1=O,4.795880017344075
CC1=C(CCC(=O)NCCCN2CCN(C)CC2)C(=O)c2ccccc2C1=O,4.42021640338319
CC1=C(CCC(=O)NCCCN2CCN(CCCNC(=O)CCC3=C(C)C(=O)c4cccc(O)c4C3=O)CC2)C(=O)c2c(O)cccc2C1=O,5.585026652029182
CC1=C(CCC(=O)NCCCN2CCN(CCCNC(=O)CCC3=C(C)C(=O)c4ccccc4C3=O)CC2)C(=O)c2ccccc2C1=O,5.431798275933005
CC1=C(CCC(=O)NCCCNCCCNC(=O)CCC2=C(C)C(=O)c3cccc(O)c3C2=O)C(=O)c2c(O)cccc2C1=O,5.721246399047171
CC1=C(CCC(=O)NCCCNCCCNC(=O)CCC2=C(C)C(=O)c3ccccc3C2=O)C(=O)c2ccccc2C1=O,5.301029995663981
CC1=C(CCC(=O)O)C(=O)c2c(O)cccc2C1=O,4.301029995663981
CC1=C(CCC(=O)O)C(=O)c2ccccc2C1=O,4.301029995663981
CC1=C(CCCC(=O)N2CCN(C)CC2)C(=O)c2c(O)cccc2C1=O,4.376750709602099
CC1=C(CCCC(=O)NCCCCNCCCNC(=O)CCCC2=C(C)C(=O)c3cccc(O)c3C2=O)C(=O)c2c(O)cccc2C1=O,5.638272163982407
CC1=C(CCCC(=O)NCCCCNCCCNC(=O)CCCC2=C(C)C(=O)c3ccccc3C2=O)C(=O)c2ccccc2C1=O,5.3979400086720375
CC1=C(CCCC(=O)NCCCN2CCN(C)CC2)C(=O)c2c(O)cccc2C1=O,4.494850021680094
CC1=C(CCCC(=O)NCCCN2CCN(C)CC2)C(=O)c2ccccc2C1=O,4.356547323513813
CC1=C(CCCC(=O)NCCCN2CCN(CCCNC(=O)CCCC3=C(C)C(=O)c4cccc(O)c4C3=O)CC2)C(=O)c2c(O)cccc2C1=O,5.638272163982407
CC1=C(CCCC(=O)NCCCN2CCN(CCCNC(=O)CCCC3=C(C)C(=O)c4ccccc4C3=O)CC2)C(=O)c2ccccc2C1=O,5.346787486224656
CC1=C(CCCC(=O)NCCCNCCCNC(=O)CCCC2=C(C)C(=O)c3cccc(O)c3C2=O)C(=O)c2c(O)cccc2C1=O,5.698970004336019
CC1=C(CCCC(=O)NCCCNCCCNC(=O)CCCC2=C(C)C(=O)c3ccccc3C2=O)C(=O)c2ccccc2C1=O,4.958607314841775
CC1=C(CCCC(=O)O)C(=O)c2c(O)cccc2C1=O,4.301029995663981
CC1=C(CCCC(=O)O)C(=O)c2ccccc2C1=O,4.301029995663981
CC1=C(CCCCC(=O)NCCCCNCCCNC(=O)CCCCC2=C(C)C(=O)c3cccc(O)c3C2=O)C(=O)c2c(O)cccc2C1=O,5.769551078621726
CC1=C(CCCCC(=O)NCCCCNCCCNC(=O)CCCCC2=C(C)C(=O)c3ccccc3C2=O)C(=O)c2ccccc2C1=O,5.853871964321762
CC1=C(CCCCC(=O)NCCCN2CCN(CCCNC(=O)CCCCC3=C(C)C(=O)c4cccc(O)c4C3=O)CC2)C(=O)c2c(O)cccc2C1=O,5.6020599913279625
CC1=C(CCCCC(=O)NCCCN2CCN(CCCNC(=O)CCCCC3=C(C)C(=O)c4ccccc4C3=O)CC2)C(=O)c2ccccc2C1=O,5.950781977329818
CC1=C(CCCCC(=O)NCCCNCCCNC(=O)CCCCC2=C(C)C(=O)c3cccc(O)c3C2=O)C(=O)c2c(O)cccc2C1=O,6.323908740944319
CC1=C(CCCCC(=O)NCCCNCCCNC(=O)CCCCC2=C(C)C(=O)c3ccccc3C2=O)C(=O)c2ccccc2C1=O,4.728158393463501
CC1=C(CCCCC(=O)O)C(=O)c2c(O)cccc2C1=O,4.301029995663981
CC1=C(CCCCC(=O)O)C(=O)c2ccccc2C1=O,4.301029995663981
CC1=C(CCCCCC(=O)NCCCCNCCCNC(=O)CCCCCC2=C(C)C(=O)c3cccc(O)c3C2=O)C(=O)c2c(O)cccc2C1=O,5.795880017344075
CC1=C(CCCCCC(=O)NCCCCNCCCNC(=O)CCCCCC2=C(C)C(=O)c3ccccc3C2=O)C(=O)c2ccccc2C1=O,5.769551078621726
CC1=C(CCCCCC(=O)NCCCN2CCN(CCCNC(=O)CCCCCC3=C(C)C(=O)c4cccc(O)c4C3=O)CC2)C(=O)c2c(O)cccc2C1=O,5.795880017344075
CC1=C(CCCCCC(=O)NCCCN2CCN(CCCNC(=O)CCCCCC3=C(C)C(=O)c4ccccc4C3=O)CC2)C(=O)c2ccccc2C1=O,5.508638306165727
CC1=C(CCCCCC(=O)NCCCNCCCNC(=O)CCCCCC2=C(C)C(=O)c3cccc(O)c3C2=O)C(=O)c2c(O)cccc2C1=O,5.698970004336019
CC1=C(CCCCCC(=O)NCCCNCCCNC(=O)CCCCCC2=C(C)C(=O)c3ccccc3C2=O)C(=O)c2ccccc2C1=O,5.6020599913279625
CC1=C(CCCCCC(=O)O)C(=O)c2c(O)cccc2C1=O,4.301029995663981
CC1=C(CCCCCC(=O)O)C(=O)c2ccccc2C1=O,4.301029995663981
CC1=C(CCCCCNC(=O)OC(C)(C)C)C(=O)c2c(O)cccc2C1=O,4.6020599913279625
CC1=C(CCCCCNC(=O)OC(C)(C)C)C(=O)c2ccccc2C1=O,4.301029995663981
CC1=C(CCCCNC(=O)OC(C)(C)C)C(=O)c2c(O)cccc2C1=O,4.6020599913279625
CC1=C(CCCCNC(=O)OC(C)(C)C)C(=O)c2ccccc2C1=O,4.6020599913279625
CC1=C(CCCNC(=O)OC(C)(C)C)C(=O)c2c(O)cccc2C1=O,4.6020599913279625
CC1=C(CCCNC(=O)OC(C)(C)C)C(=O)c2ccccc2C1=O,4.301029995663981
CC1=C(CCNC(=O)OC(C)(C)C)C(=O)c2c(O)cccc2C1=O,4.6020599913279625
CC1=C(CCNC(=O)OC(C)(C)C)C(=O)c2ccccc2C1=O,4.301029995663981
CC1=C(N2CCN(CCCN(C)C)CC2)C(=O)c2ccccc2C1=O,4.2441251443275085
CC1=C(NCCCC/N=C2/C(=O)c3ccccc3C(O)=C2C)C(=O)c2ccccc2C1=O,4.2441251443275085
CC1=C(NCCCCN)C(=O)c2c(O)cccc2C1=O,4.2441251443275085
CC1=C(NCCCCN)C(=O)c2ccccc2C1=O,4.2441251443275085
CC1=C(NCCCN2CCN(CCCN)CC2)C(=O)c2c(O)cccc2C1=O,4.4089353929735005
CC1=C(NCCCN2CCN(CCCN)CC2)C(=O)c2ccccc2C1=O,5.221848749616356
CC1=C(NCCCN2CCN(CCCNC3=C(C)C(=O)c4ccccc4C3=O)CC2)C(=O)c2ccccc2C1=O,5.0
CC1=C(NCCCNCCC/N=C2/C(=O)c3ccccc3C(O)=C2C)C(=O)c2ccccc2C1=O,5.045757490560675
CC1=C(NCCCNCCCCNCCCN)C(=O)c2c(O)cccc2C1=O,4.552841968657781
CC1=C(NCCCNCCCCNCCCN)C(=O)c2ccccc2C1=O,4.552841968657781
CC1=C(NCCCNCCCCNCCCNC2=C(C)C(=O)c3ccccc3C2=O)C(=O)c2ccccc2C1=O,5.187086643357144
CC1=C(NCCCNCCCN)C(=O)c2c(O)cccc2C1=O,4.2441251443275085
CC1=C(NCCCNCCCN)C(=O)c2ccccc2C1=O,4.920818753952375
CC1=C(O)c2cccc(O)c2C(=O)/C1=N\CCCN1CCN(C)CC1,4.2441251443275085
CC1=C(O)c2ccccc2C(=O)/C1=N\CCCN1CCN(C)CC1,4.2441251443275085
CC1=CC(=O)c2c(O)cccc2C1=O,4.552841968657781
CC1=CC(=O)c2ccccc2C1=O,4.259637310505756
CC1=CC(C)(C)N=C(Nc2nc(C)c3cc(C)cc(C)c3n2)N1,4.769551078621726
CC1C2CCC(C)(C2)C1NC(=O)c1nnc(-c2ccccc2N)o1,4.443697499232712
CC1CCCCC12NC(=O)N(CC(=O)Nc1ccccc1Sc1ccccc1)C2=O,4.073657553374345
CC1CCN(C(P(=O)(O)O)P(=O)(O)O)CC1,3.5228787452803374
CC1CN(C(=N)S)N=C1c1ccc(Cl)c(Cl)c1,7.154901959985743
CC1CN(C(=N)S)N=C1c1cccc(Br)c1,7.096910013008056
CC1CN(C(=N)S)N=C1c1cccc(C(F)(F)F)c1,7.397940008672037
CC1CN(C(=N)S)N=C1c1cccc(Cl)c1,6.638272163982407
CC1S/C(=N/N=C/CCSc2ccc(Cl)cc2)NC1=O,6.698970004336019
CC1S/C(=N/N=C/CCSc2ccccc2)NC1=O,6.3979400086720375
CC1S/C(=N/N=C/CCSc2ccccc2)NC1=S,7.221848749616356
CC1SC(N/N=C/CCCSc2ccccc2)=NC1=O,6.3979400086720375
CCC(=O)Nc1cc(Cl)ccc1Sc1ccccc1,4.500312917381596
CCC(=O)c1ccc2c(c1)N(CCCN(C)C)c1ccccc1S2,3.447331783887807
CCC(C)NCC(P(=O)(O)O)P(=O)(O)O,5.8641814077202
CCC(C)n1ncn(-c2ccc(N3CCN(c4ccc(OCC5COC(Cn6cncn6)(c6ccc(Cl)cc6Cl)O5)cc4)CC3)cc2)c1=O,4.610924374808178
CCC(N/N=C(/N)S)c1cccc(Br)c1,5.0
CCC(NC(=O)COC(=O)c1cccnc1N)c1ccc(Br)cc1,4.075720713938118
CCC/C=C/C/C=C/CCCCCCCc1cccc(O)c1C(=O)O,4.161150909262744
CCC/N=N\CCCN1c2ccccc2Sc2ccc(Cl)cc21,4.019996628416254
CCC1S/C(=N/N=C(\C)COc2ccccc2)N(C)C1=O,4.496209316942819
CCC1S/C(=N/N=C(\C)COc2ccccc2)N(c2ccc(C)cc2)C1=O,4.928117992693875
CCC1S/C(=N/N=C(\C)COc2ccccc2)N(c2ccc(OC)cc2)C1=O,5.060480747381382
CCC1S/C(=N/N=C(\C)COc2ccccc2)N(c2ccccc2)C1=O,5.022276394711152
CCC1S/C(=N/N=C(\C)COc2ccccc2)NC1=S,4.728158393463501
CCCC(=O)N(C(=O)CCC)C1=C(Cl)C(=O)c2ccccc2C1=O,5.494850021680094
CCCC(=O)N1c2ccccc2Sc2ccc(Cl)cc21,4.022276394711152
CCCC(=O)Nc1cc(Cl)ccc1Sc1ccccc1,4.515700160653214
CCCC(=O)Oc1ccc(C2Oc3cc(OC(=O)CCC)cc(O)c3C(=O)C2c2c(OC(=O)CCC)cc(O)c3c(=O)cc(-c4ccc(OC(=O)CCC)c(OC(=O)CCC)c4)oc23)cc1,5.091514981121351
CCCC(=O)c1ccc(OC(F)F)c(OC2CCOCC2)c1,5.318758762624412
CCCC(=O)c1ccc(OC(F)F)c(Oc2ccccn2)c1,5.455931955649724
CCCC(=O)c1ccc(OC)c(OC2CCOC2)c1,5.0
CCCC(=O)c1ccc(OC2CCN(C(=O)OC(C)(C)C)CC2)c(OC)c1,5.187086643357144
CCCC(=O)c1ccc(OC2CCOC2)c(OC)c1,5.251811972993799
CCCC(=O)c1ccc(OC2CCOCC2)c(OC)c1,5.3979400086720375
CCCC(=O)c1ccc2c(c1)N(CCCN(C)C)c1ccccc1S2,3.521433504406157
CCCC(O)(C(=O)c1ccc(OC(F)F)c(Oc2ccccn2)c1)c1cnc2ccccc2c1,5.4089353929735005
CCCC(O)c1ccc(OC)c(OC2CCOC2)c1,5.0
CCCC(O)c1ccc(OC)c(OC2CCOCC2)c1,5.0
CCCC(c1ccc(Oc2ccccn2)c(OC)c1)c1cnc2ccccc2c1,5.481486060122113
CCCC/C(=N\NC(N)=S)c1ccc(Cl)c(Cl)c1,7.721132141090864
CCCC12CN(C(=O)c3ccc(OC)cc3)CC(C)(CN(C(=O)c3ccc(OC)cc3)C1)C2=O,3.2218487496163566
CCCCC(=O)c1ccc(OC)c(OC2CCOCC2)c1,5.0
CCCCC(=O)c1ccc(OC2CCN(C(=O)OC(C)(C)C)CC2)c(OC)c1,5.508638306165727
CCCCC(=O)c1ccc(OC2CCOC2)c(OC)c1,5.292429823902063
CCCCC(=O)c1ccc(OC2CCOCC2)c(OC)c1,5.455931955649724
CCCCC(C(=O)COc1c(F)c(F)cc(F)c1F)n1cc([C@@](C)(NC(=O)c2ccc3ncccc3c2)C(C)C)nn1,5.8696662315049934
CCCCC(C(=O)COc1c(F)c(F)cc(F)c1F)n1cc([C@@](C)(NC(=O)c2ccc3ncsc3c2)C(C)C)nn1,5.444905551421681
CCCCC(C(=O)COc1c(F)c(F)cc(F)c1F)n1cc([C@@](C)(NC(=O)c2ccncc2)C(C)C)nn1,4.638272163982407
CCCCC(C(=O)COc1c(F)c(F)cc(F)c1F)n1cc([C@@](C)(NCc2ccc3ncccc3c2)C(C)C)nn1,6.431798275933005
CCCCC(C(=O)COc1c(F)c(F)cc(F)c1F)n1cc([C@@](C)(NCc2ccc3ncccc3c2)C2CCCC2)nn1,7.568636235841013
CCCCC(C(=O)COc1c(F)c(F)cc(F)c1F)n1cc([C@@](C)(NCc2ccc3ncsc3c2)C(C)C)nn1,7.431798275933005
CCCCC(C(=O)COc1c(F)c(F)cc(F)c1F)n1cc([C@@](C)(NCc2ccc3ncsc3c2)C2CCCC2)nn1,8.301029995663981
CCCCC(C(=O)COc1c(F)c(F)cc(F)c1F)n1cc([C@@](C)(NCc2ccn3nccc3n2)C(C)C)nn1,7.1249387366083
CCCCC(C(=O)COc1c(F)c(F)cc(F)c1F)n1cc([C@@](C)(NCc2ccn3nccc3n2)C2CCCC2)nn1,8.522878745280337
CCCCC(C(=O)COc1c(F)c(F)cc(F)c1F)n1cc([C@@](C)(NCc2ccncc2)C(C)C)nn1,5.958607314841775
CCCCC/C=C\C/C=C\C/C=C\C/C=C\CCCC(=O)Nc1ccc(O)cc1,4.372363747448347
CCCCCC(=O)c1ccc2c(c1)N(CCCN(C)C)c1ccccc1S2,3.7670038896078464
CCCCCC(C)NCC(P(=O)(O)O)P(=O)(O)O,5.0
CCCCCC/C=C/CCCCCCCc1cccc(O)c1C(=O)O,3.7931741239681513
CCCCCC/N=C(\S)N1CCC(c2cccc(Br)c2)=N1,5.853871964321762
CCCCCCC(O)(P(=O)(O)O)P(=O)(O)O,5.7121982700697735
CCCCCCCC=Cc1cccc(OC)c1C(=O)OCC,3.5228787452803374
CCCCCCCCC(F)(P(=O)(O)O)P(=O)(O)O,6.0
CCCCCCCCCC(F)(P(=O)(O)O)P(=O)(O)O,6.0
CCCCCCCCCC(O)(P(=O)(O)O)P(=O)(O)O,5.737394027609958
CCCCCCCCCCC=Cc1cccc(OC)c1C(=O)OCC,3.5228787452803374
CCCCCCCCCCCCCC(=O)NCCCC(=O)N(CC(=O)Nc1cccc(Sc2ccc(Br)cc2NC(=O)CCN2CCN(C)CC2)c1)C(=O)Nc1ccccc1Sc1ccc(Br)cc1NC(=O)CCN1CCN(C)CC1,6.698970004336019
CCCCCCCCCCCCCCCC(=O)NCCCCC(N)C(=O)NCCCNCCCCNCCCN.Cl.Cl.Cl.Cl,5.614393726401688
CCCCCCCCCCCCCCCCNC(=O)CCCC(=O)Nc1cccc(Sc2ccc(Br)cc2NC(=O)CCN2CCN(C)CC2)c1,4.221848749616356
CCCCCCCCCCCCCCNCC(P(=O)(O)O)P(=O)(O)O,6.0
CCCCCCCCCCCCNCC(P(=O)(O)O)P(=O)(O)O,5.893264650533211
CCCCCCCCCCCCc1cccc(O)c1C(=O)O,4.259637310505756
CCCCCCCCCCCCc1cccc(O)c1C(=O)OCC,3.6675615400843946
CCCCCCCCCCCCc1cccc(OC)c1C(=O)OCC,3.6020599913279625
CCCCCCCCCCCNCC(P(=O)(O)O)P(=O)(O)O,5.7894172685029535
CCCCCCCCCCNCC(F)(P(=O)(O)O)P(=O)(O)O,6.866461091629782
CCCCCCCCCCNCC(P(=O)(O)O)P(=O)(O)O,5.5
CCCCCCCCCCSCC(P(=O)(O)O)P(=O)(O)O,7.013228265733755
CCCCCCCCCC[S+]([O-])CC(P(=O)(O)O)P(=O)(O)O,5.0
CCCCCCCCCNCC(F)(P(=O)(O)O)P(=O)(O)O,7.468521082957745
CCCCCCCCCNCC(P(=O)(O)O)P(=O)(O)O,6.366531544420414
CCCCCCCCCSCC(P(=O)(O)O)P(=O)(O)O,5.769551078621726
CCCCCCCCC[S+]([O-])CC(P(=O)(O)O)P(=O)(O)O,5.0
CCCCCCCCCc1cccc(O)c1C(=O)O,3.6989700043360183
CCCCCCCCCc1cccc(O)c1C(=O)OCC,3.6020599913279625
CCCCCCCCCc1cccc(OC)c1C(=O)OCC,3.6020599913279625
CCCCCCCCNCC(F)(P(=O)(O)O)P(=O)(O)O,7.070581074285707
CCCCCCCCNCC(O)(P(=O)(O)O)P(=O)(O)O,5.0
CCCCCCCCNCC(P(=O)(O)O)P(=O)(O)O,6.288417806601075
CCCCCCCCSCC(P(=O)(O)O)P(=O)(O)O,5.194771085796574
CCCCCCCC[S+](C)CC(P(=O)(O)O)P(=O)(O)O.F[B-](F)(F)F,7.397940008672037
CCCCCCCC[S+]([O-])CC(P(=O)(O)O)P(=O)(O)O,5.0
CCCCCCCNC(=O)CCCC(=O)Nc1cccc(Sc2ccc(Br)cc2NC(=O)CCN2CCN(C)CC2)c1,4.638272163982407
CCCCCCCNCC(F)(P(=O)(O)O)P(=O)(O)O,7.1487416512809245
CCCCCCCNCC(O)(P(=O)(O)O)P(=O)(O)O,5.0
CCCCCCCNCC(P(=O)(O)O)P(=O)(O)O,6.870457328674378
CCCCCCCSCC(P(=O)(O)O)P(=O)(O)O,5.0
CCCCCCC[S+]([O-])CC(P(=O)(O)O)P(=O)(O)O,5.0
CCCCCCCc1ccc(NC(P(=O)(O)O)P(=O)(O)O)cc1,5.923382303335025
CCCCCCNC(=O)Nc1ccc(S(=O)(=O)Nc2ccc(CCNC[C@H](O)COc3ccc(O)cc3)cc2)cc1,4.5713337517843655
CCCCCCNCC(F)(P(=O)(O)O)P(=O)(O)O,6.038578905933552
CCCCCCNCC(P(=O)(O)O)P(=O)(O)O,6.133748844584889
CCCCCCSCC(P(=O)(O)O)P(=O)(O)O,5.0
CCCCCC[S+]([O-])CC(P(=O)(O)O)P(=O)(O)O,5.0
CCCCCNCC(F)(P(=O)(O)O)P(=O)(O)O,6.213958789757446
CCCCCNCC(P(=O)(O)O)P(=O)(O)O,5.255065740426208
CCCCCS(=O)(=O)CC(P(=O)(O)O)P(=O)(O)O,5.0
CCCCCSCC(P(=O)(O)O)P(=O)(O)O,5.0
CCCCC[S+]([O-])CC(P(=O)(O)O)P(=O)(O)O,5.0
CCCCN(CC)C(P(=O)(O)O)P(=O)(O)O,3.5214393741071595
CCCCN(CCCC)CCCNC(=O)CCCC1=C(CCCC(=O)NCCCN(CCCC)CCCC)C(=O)c2c(O)cccc2C1=O,6.221848749616356
CCCCN(CCCC)CCCNC(=O)CCCCC1=C(C)C(=O)c2cccc(O)c2C1=O,6.522878745280337
CCCCN(CCCC)CCCNC(=O)CCCCC1=C(C)C(=O)c2ccccc2C1=O,5.958607314841775
CCCCN(CCCC)CCCNC(=O)CCCCC1=C(CCCCC(=O)NCCCN(CCCC)CCCC)C(=O)c2c(O)cccc2C1=O,6.221848749616356
CCCCNCC(F)(P(=O)(O)O)P(=O)(O)O,6.761953896871205
CCCCNCC(P(=O)(O)O)P(=O)(O)O,5.34487857166871
CCCCNc1nc(C#N)nc(Nc2ccccc2)n1,6.050609993355088
CCCCOC(=O)C1CC(=O)c2oc(=O)c3cc(O)c(O)c(O)c3c21,4.853871964321762
CCCCSCC(P(=O)(O)O)P(=O)(O)O,6.102922996790579
CCCC[C@H]1O[C@@H]1/C=C/C=O,7.5268050907950625
CCCC[S+]([O-])CC(P(=O)(O)O)P(=O)(O)O,5.0
CCCCc1oc2ccccc2c1C(=O)c1cc(I)c(OCCN(CC)CC)c(I)c1.Cl,4.542036394151442
CCCCn1c(-c2ccc(Br)cc2)nc2ccccc21,4.259637310505756
CCCN(Cc1ccc2nc(N)nc(N)c2c1)c1ccc(OC)c(OCCCCC(=O)OC)c1,6.374687549038327
CCCNC(=S)NC1CCN(Cc2ccccc2)CC1,4.0
CCCNC(P(=O)(O)O)P(=O)(O)O,3.5214393741071595
CCCNCC(F)(P(=O)(O)O)P(=O)(O)O,7.221848749616356
CCCNCC(P(=O)(O)O)P(=O)(O)O,6.189214542205719
CCCNc1nc(C#N)nc(Nc2ccccc2)n1,6.102372908709558
CCCOC(=O)c1c(NC(=O)C2CCCCC2C(=O)O)sc(C)c1C,3.677780705266081
CCCSCC(P(=O)(O)O)P(=O)(O)O,6.033858267260968
CCCc1c(NC(=O)Nc2ccc(OC(F)(F)F)cc2)cnn1-c1ccc(Cl)cc1,5.0
CCCc1nn(C)c2c(=O)[nH]c(-c3cc(S(=O)(=O)NC(=O)OC(C)C)ccc3OCC)nc12,6.638272163982407
CCN(CC)/C(S)=N/N=C(\C)c1cccc(Br)c1,5.301029995663981
CCN(CC)C(=O)CCCC(=O)Nc1cccc(Sc2ccc(Br)cc2NC(=O)CCN2CCN(C)CC2)c1,4.221848749616356
CCN(CC)CC(=O)N1c2ccccc2Sc2ccc(Cl)cc21,3.081445469449726
CCN(CC)CCC(=O)N1c2ccccc2Sc2ccc(Cl)cc21,3.0958256317158366
CCN(CC)CCCC(=O)N1c2ccccc2Sc2ccc(Cl)cc21,3.494850021680094
CCN(CC)CCCC(C)Nc1c2ccc(Cl)cc2nc2ccc(OC)cc12,3.876148359032914
CCN(CC)CCCCCC(=O)N1c2ccccc2Sc2ccc(Cl)cc21,3.3400837999301496
CCN(CC)CCN1c2ccccc2Sc2ccc(Cl)cc21,4.089909454405932
CCN(CC)c1ccc(NC(=O)c2nnc(-c3ccccc3N)o2)cc1,4.443697499232712
CCN(Cc1ccccc1)c1nc2c(S(=O)(=O)c3ccccc3)nnn2c2ccc(Cl)cc12,4.920818753952375
CCN1CCC(NC(=S)Nc2cccnc2)CC1,4.0
CCN1CCC[C@H]1CNC(=O)c1nnc(-c2ccccc2N)o1,4.0
CCN1CCN(C2Cc3ccccc3Sc3ccc(Cl)cc32)CC1,4.536107011014093
CCNc1nc(C#N)nc(Nc2ccccc2)n1,6.1487416512809245
CCNc1nc(C#N)nc2c1ncn2-c1cc(F)cc(F)c1,6.600326278518962
CCNc1nc(C#N)nc2c1ncn2-c1cccc(Cl)c1,7.200659450546418
CCOC(=O)/C(C(C)=O)=C1\OC(=O)c2ccccc21,3.2218487496163566
CCOC(=O)/C=C/C(=O)[C@@H](CC(C)C)NC(=O)[C@H](Cc1ccccc1)NC(=O)OCc1ccccc1,7.698970004336019
CCOC(=O)/C=C/C(=O)[C@@H](CCc1ccccc1)NC(=O)[C@H](Cc1ccccc1)NC(=O)N1CCOCC1,6.481486060122113
CCOC(=O)/C=C/C(=O)[C@H](C)NC(=O)[C@H](CC(C)C)NC(=O)OCc1ccccc1,6.200659450546418
CCOC(=O)/C=C/C(=O)[C@H](C)NC(=O)[C@H](Cc1ccccc1)NC(=O)OCc1ccccc1,6.522878745280337
CCOC(=O)/C=C/C(=O)[C@H](CC(C)C)NC(=O)[C@@H](CC(=O)c1ccccc1)Cc1ccccc1,4.698970004336019
CCOC(=O)/C=C/C(=O)[C@H](CC(C)C)NC(=O)[C@H](CC(C)C)NC(=O)N1CCOCC1,6.698970004336019
CCOC(=O)/C=C/C(=O)[C@H](CC(C)C)NC(=O)[C@H](Cc1ccccc1)NC(=O)OCc1ccccc1,7.698970004336019
CCOC(=O)/C=C/C(=O)[C@H](CCc1ccccc1)NC(=O)[C@H](CC(C)C)NC(=O)N1CCOCC1,6.468521082957745
CCOC(=O)/C=C/C(=O)[C@H](CCc1ccccc1)NC(=O)[C@H](CC(C)C)NC(=O)OCc1ccccc1,7.096910013008056
CCOC(=O)/C=C/C(=O)[C@H](CCc1ccccc1)NC(=O)[C@H](Cc1ccccc1)NC(=O)N1CCOCC1,6.522878745280337
CCOC(=O)/C=C/C=C/C(=O)[C@H](CCc1ccccc1)NC(=O)[C@H](Cc1ccccc1)NC(=O)N1CCOCC1,5.698970004336019
CCOC(=O)/C=C/[C@@H](O)[C@H](CCc1ccccc1)NC(=O)[C@H](Cc1ccccc1)NC(=O)N1CCOCC1,5.425968732272281
CCOC(=O)C(Cc1cccc(-c2ccccc2)c1)P(=O)(O)O,3.5214393741071595
CCOC(=O)C1=C(c2ccccc2)NC(SCC(=O)Nc2ccc(C)cc2)=C(C#N)C1c1ccco1,4.9604093769761874
CCOC(=O)C1CC(=O)c2oc(=O)c3cc(O)c(O)c(O)c3c21,5.096910013008056
CCOC(=O)CCCOc1cc(NCc2ccc3nc(N)nc(N)c3c2)ccc1OC,7.623423042943488
CCOC(=O)Cc1csc(NC(=O)Nc2ccc(Cl)c(Cl)c2)n1,5.443697499232713
CCOC(=O)SC1=N/C(=C/c2ccc(N(C)C)cc2)C(=O)S1,5.0683385699397725
CCOC(=O)[C@@H]1O[C@@H]1C(=O)[C@H](CCc1ccccc1)NC(=O)[C@H](Cc1ccccc1)NC(=O)OCc1ccccc1,7.301029995663981
CCOC(=O)[C@H]1O[C@H]1C(=O)[C@H](CCc1ccccc1)NC(=O)[C@H](Cc1ccccc1)NC(=O)OCc1ccccc1,7.698970004336019
CCOC(=O)c1c(/N=C2\SC(CC(=O)O)C(=O)N2c2ccccc2)sc2c1CCCC2,3.9172146296835497
CCOC(=O)c1c(C=CCCCCCCCCOC2CCCCO2)cccc1OC,3.5228787452803374
CCOC(=O)c1c(C=CCCCCCCOC2CCCCO2)cccc1OC,3.5228787452803374
CCOC(=O)c1c(C=CCCCCOC2CCCCO2)cccc1OC,3.5228787452803374
CCOC(=O)c1c(CCCCCCCCCCOC2CCCCO2)cccc1OC,3.6020599913279625
CCOC(=O)c1c(CCCCCCCCOC2CCCCO2)cccc1OC,3.6020599913279625
CCOC(=O)c1c(CCCCCCOC2CCCCO2)cccc1OC,3.6020599913279625
CCOC(=O)c1c(O)cccc1CCCCCCCCCCO,3.6020599913279625
CCOC(=O)c1c(O)cccc1CCCCCCCCO,3.6020599913279625
CCOC(=O)c1c(O)cccc1CCCCCCO,3.6020599913279625
CCOC(=O)c1ccc(NC(=S)NC(=O)c2ccc(Cl)c(Cl)c2)cc1,5.721246399047171
CCOC(=O)c1cccc(NS(=O)(=O)c2ccc(NC(=O)Cc3ccc(Cl)c(Cl)c3)cc2)c1,4.2441251443275085
CCOC(=O)c1cn([C@@H]2O[C@H](COC(=O)c3ccccc3)[C@@H](OC(=O)c3ccccc3)[C@H]2OC(=O)c2ccccc2)c2ccc(Cl)cc2c1=O,4.389999976337708
CCOC(=O)c1csc(COc2ccc(C3SCCS3)cc2)n1,5.0
CCOC(=O)c1nc(C)nc(Sc2nnc(-c3ccccc3)[nH]2)c1C,5.337242168318426
CCOP(=O)(O)C1=C[C@H](O)[C@@H](NC(C)=O)[C@H](OCCO)C1,2.3010299956639813
CCOc1ccc2c(C)nc(NC3=NC(C)(C)CC(C)=N3)nc2c1,4.552841968657781
CCOc1cccc(C(=O)Nc2ccc(-c3nc4ccccc4[nH]3)cc2)c1,5.585026652029182
CCOc1ccccc1/C=C(\CC(=O)O)c1nc2ccccc2s1,3.5863153634730875
CCOc1nc(C#N)nc(N2CCCCC2)n1,7.045757490560675
CCOc1nc2cccc(C(=O)OC(C)OC(=O)OC3CCCCC3)c2n1Cc1ccc(-c2ccccc2-c2nn[nH]n2)cc1,4.075720713938118
CCSCC(P(=O)(O)O)P(=O)(O)O,6.202732459169283
CCSc1nnc(NC(=O)c2ccc(Br)s2)s1,4.5713337517843655
CC[C@@]12CCCN3CC[C@]4(c5cccc(OC)c5N(C(C)=O)[C@@H]4CC1)[C@H]32,4.043831569524636
CC[C@H](C)[C@@H](C(=O)O[C@@H](CC(C)C)C(=O)N[C@@H](CC(C)C)C(=O)N[C@@H](/C=C/C(=O)N1C(=O)C=C(OC)[C@@H]1Cc1ccccc1)Cc1ccccc1)N(C)C,7.091514981121351
CC[C@H](C)[C@@H](C(=O)O[C@@H](CC(C)C)C(=O)N[C@@H](CC(C)C)C(=O)N[C@@H](/C=C/C(=O)N1C(=O)C=C(OC)[C@H]1Cc1ccccc1)Cc1ccccc1)N(C)C,7.4301581005962385
CC[C@H](C)[C@@H](C(=O)O[C@@H](CC(C)C)C(=O)N[C@@H](CC(C)C)C(=O)N[C@@H](C)/C=C/C(=O)N1C(=O)C=C(OC)[C@@H]1C)N(C)C,9.235541649861172
CC[C@H](C)[C@@H](C(=O)O[C@@H](CC(C)C)C(=O)N[C@@H](CC(C)C)C(=O)N[C@@H](C)/C=C/C(=O)N1C(=O)C=C(OC)[C@@H]1CC(C)C)N(C)C,9.309803919971486
CC[C@H](C)[C@@H](C(=O)O[C@@H](CC(C)C)C(=O)N[C@@H](CC(C)C)C(=O)N[C@@H](C)/C=C/C(=O)N1C(=O)C=C(OC)[C@@H]1Cc1ccccc1)N(C)C,9.119186407719209
CC[C@H](C)[C@@H](C(=O)O[C@@H](CC(C)C)C(=O)N[C@@H](CC(C)C)C(=O)N[C@H](/C=C/C(=O)N1C(=O)C=C(OC)[C@@H]1C)Cc1ccccc1)N(C)C,9.075720713938118
CC[C@H](C)[C@@H](C(=O)O[C@@H](CC(C)C)C(=O)N[C@@H](CC(C)C)C(=O)N[C@H](/C=C/C(=O)N1C(=O)C=C(OC)[C@@H]1CC(C)C)Cc1ccccc1)N(C)C,8.96657624451305
CC[C@H](C)[C@@H](C(=O)O[C@@H](CC(C)C)C(=O)N[C@@H](CC(C)C)C(=O)N[C@H](/C=C/C(=O)N1C(=O)C=C(OC)[C@@H]1Cc1ccccc1)Cc1ccccc1)N(C)C,8.939302159646388
CC[C@H](C)[C@@H](C(=O)O[C@@H](CC(C)C)C(=O)N[C@@H](CC(C)C)C(=O)N[C@H](/C=C/C(=O)N1C(=O)C=C(OC)[C@H]1Cc1ccccc1)Cc1ccccc1)N(C)C,8.97061622231479
CCc1ccc(C(=O)CSC2=C(C#N)C(c3ccco3)C(C(C)=O)=C(C)N2)cc1,4.372363747448347
CCc1ccc2c(C)nc(NC3=NC(C)(C)CC(C)=N3)nc2c1,4.494850021680094
CCc1nc(N)nc(N)c1-c1ccc(Cl)cc1,6.0
CCn1c2ccccc2c2cc(NC(P(=O)(O)O)P(=O)(O)O)ccc21,6.091010079342905
CCn1ccnc1C(O)c1cccc(OC)c1OC,4.0713337517843655
CCn1cnc2c(Nc3cc(F)cc(F)c3)nc(C#N)nc21,8.84948500216801
CCn1cnc2c(Nc3cccc(Cl)c3)nc(C#N)nc21,8.571333751784366
CN(C)C(C)(C)CN1c2ccccc2Sc2ccccc21,2.92959267825988
CN(C)CCCC1Sc2ccccc2Sc2ccccc21,4.43533393574791
CN(C)CCCN1CCN(CC2=C(N3CCN(CCCN(C)C)CC3)C(=O)c3ccccc3C2=O)CC1,4.2441251443275085
CN(C)CCCN1c2ccccc2CCc2ccc(Cl)cc21,5.04948923466634
CN(C)CCCN1c2ccccc2Sc2c(Cl)cccc21,3.1163385648463824
CN(C)CCCN1c2ccccc2Sc2ccc(/C=N/O)cc21,3.838631997765025
CN(C)CCCN1c2ccccc2Sc2ccc(C(=O)O)cc21,2.407712184047869
CN(C)CCCN1c2ccccc2Sc2ccc(C(F)(F)F)cc21,3.958607314841775
CN(C)CCCN1c2ccccc2Sc2ccc(C(N)=O)cc21,3.339134521996131
CN(C)CCCN1c2ccccc2Sc2ccc(CN)cc21,3.6595558851598815
CN(C)CCCN1c2ccccc2Sc2ccc(CO)cc21,2.925549281045409
CN(C)CCCN1c2ccccc2Sc2ccc(COc3ccc(C(C)(C)C)cc3)cc21,3.7931741239681513
CN(C)CCCN1c2ccccc2Sc2ccc(Cl)cc21,4.843784372205638
CN(C)CCCN1c2ccccc2Sc2ccc(Cl)cc21.Cl,3.635109927889859
CN(C)CCCN1c2ccccc2Sc2ccccc21,3.96657624451305
CN(C)CCCN1c2ccccc2[S+]([O-])c2ccc(Cl)cc21,4.115771230367396
CN(C)CCN1c2ccccc2Sc2ccc(Cl)cc21,3.823908740944319
CN(C)Cc1ccc(Nc2ccc(NC(=O)CCCCCC(=O)Nc3cccc(Sc4ccc(Br)cc4NC(=O)CCN4CCN(C)CC4)c3)c3c2C(=O)c2ccccc2C3=O)cc1,5.481486060122113
CN(C)c1cc[n+](CC(O)(P(=O)(O)O)P(=O)(O)O)cc1,3.5214393741071595
CN(C)c1ccc(/C=C2\CC/C(=C\c3ccc(N(C)C)cc3)C2=O)cc1,4.0
CN(C)c1ccc(/C=C2\CCC/C(=C\c3ccc(N(C)C)cc3)C2=O)cc1,4.0
CN(C)c1ccc(/C=N/N=C(/N)S)c2ccccc12,5.0
CN(C)c1ccc(/C=N/NC(=O)c2ccc(O)c(O)c2)c2ccccc12,4.790000026071145
CN(C)c1ccc(/C=N/NC(=O)c2ccccc2)c2ccccc12,6.299997602857746
CN(C)c1ccc(/C=N/NC(=O)c2ccnc3ccccc23)c2ccccc12,5.219999701663429
CN(C)c1ccc2nc3ccc(N(C)C)cc3[s+]c2c1.[Cl-],4.165109192395732
CN(C)c1cccc(NS(=O)(=O)c2ccc(NC(=O)Cc3ccc(Cl)c(Cl)c3)cc2)c1,4.935542010773082
CN(CC(=O)Nc1ccccc1Sc1ccccc1)C1CCCCC1,4.249491605148654
CN(CCOc1ccccc1)CCC(O)(P(=O)(O)O)P(=O)(O)O,3.5214393741071595
CN(Cc1cnc2nc(N)nc(N)c2n1)c1ccc(C(=O)N[C@@H](CCC(=O)O)C(=O)O)cc1,7.958607314841775
CN1/C(=C/C=C2\C=Nc3ccccc32)C=Cc2ccccc21,4.638272163982407
CN1C(=O)C(=O)c2ccccc21,5.0
CN1C2CCC1CC(=NOC(c1ccccc1)c1ccc(Cl)cc1)C2,4.481486060122113
CN1CCCC(CC2Oc3ccccc3Sc3ccccc32)C1,4.939302159646388
CN1CCN(C(=O)CCC2=C(CCC(=O)N3CCN(C)CC3)C(=O)c3c(O)cccc3C2=O)CC1,4.301029995663981
CN1CCN(C(=O)CCCC2=C(CCCC(=O)N3CCN(C)CC3)C(=O)c3c(O)cccc3C2=O)CC1,4.756961951313706
CN1CCN(C(=O)CCCCC2=C(CCCCC(=O)N3CCN(C)CC3)C(=O)c3c(O)cccc3C2=O)CC1,5.229147988357856
CN1CCN(C(=O)CCCCCC2=C(CCCCCC(=O)N3CCN(C)CC3)C(=O)c3c(O)cccc3C2=O)CC1,5.537602002101044
CN1CCN(C(=O)N[C@@H](Cc2ccccc2)C(=O)N[C@H](/C=C/S(=O)(=O)c2ccccc2)CCc2ccccc2)CC1,8.698970004336019
CN1CCN(C2=NC(=O)CC(C(=O)Nc3cccc(Cl)c3)N2)CC1,4.0
CN1CCN(CCC(=O)Nc2cc(Br)ccc2Sc2cccc(NC(=O)CCCC(=O)NC(c3ccccc3)c3ccccc3)c2)CC1,4.552841968657781
CN1CCN(CCC(=O)Nc2cc(Br)ccc2Sc2cccc(NC(=O)CCCC(=O)NCC34C[C@H]5C[C@@H](C3)C[C@@H](C4)C5)c2)CC1,4.221848749616356
CN1CCN(CCC(=O)Nc2cc(Br)ccc2Sc2cccc(NC(=O)CCCC(=O)NCC3CCCCC3)c2)CC1,4.327902142064283
CN1CCN(CCC(=O)Nc2cc(Br)ccc2Sc2cccc(NC(=O)CCCC(=O)NCC3CCCO3)c2)CC1,4.221848749616356
CN1CCN(CCC(=O)Nc2cc(Br)ccc2Sc2cccc(NC(=O)CCCC(=O)NCCc3ccccc3)c2)CC1,4.698970004336019
CN1CCN(CCC(=O)Nc2cc(Br)ccc2Sc2cccc(NC(=O)CCCC(=O)NCc3ccc4c(c3)OCO4)c2)CC1,4.481486060122113
CN1CCN(CCC(=O)Nc2cc(Br)ccc2Sc2cccc(NC(=O)CCCC(=O)NCc3ccc4ccccc4c3)c2)CC1,4.6020599913279625
CN1CCN(CCC(=O)Nc2cc(Br)ccc2Sc2cccc(NC(=O)CCCC(=O)NCc3ccccc3)c2)CC1,4.455931955649724
CN1CCN(CCC(=O)Nc2cc(Br)ccc2Sc2cccc(NC(=O)CCCC(=O)NCc3ccccn3)c2)CC1,4.221848749616356
CN1CCN(CCC(=O)Nc2cc(Br)ccc2Sc2cccc(NC(=O)CCCC(=O)Nc3cccc(Sc4ccc(Br)cc4NC(=O)CCN4CCN(C)CC4)c3)c2)CC1,6.259637310505756
CN1CCN(CCC(=O)Nc2cc(Br)ccc2Sc2cccc(NC(=O)CCCCCC(=O)Nc3ccc(N)c4c3C(=O)c3ccccc3C4=O)c2)CC1,4.221848749616356
CN1CCN(CCC(=O)Nc2cc(Br)ccc2Sc2cccc(NC(=O)CCCCCC(=O)Nc3cccc(Sc4ccccc4N)c3)c2)CC1,4.795880017344075
CN1CCN(CCC(=O)Nc2cc(Br)ccc2Sc2cccc(NC(=O)CCCCCC(=O)Nc3cccc(Sc4ccccc4[N+](=O)[O-])c3)c2)CC1,4.221848749616356
CN1CCN(CCC(=O)Nc2cc(Br)ccc2Sc2cccc(NC(=O)CCCCCC(=O)Nc3ccccc3)c2)CC1,4.853871964321762
CN1CCN(CCC(=O)Nc2cc(Br)ccc2Sc2cccc(NC(=O)CCCCCC(=O)OCC3=C(Br)C(=O)c4ccccc4C3=O)c2)CC1,4.3872161432802645
CN1CCN(CCC(=O)Nc2cc(Cl)ccc2Sc2cccc(NC(=O)CCCC(=O)Nc3cccc(Sc4ccc(Cl)cc4NC(=O)CCN4CCN(C)CC4)c3)c2)CC1,6.031517051446065
CN1CCN(CCC(=O)Nc2ccccc2Sc2cccc(NC(=O)CCCCCC(=O)Nc3cccc(Sc4ccccc4N)c3)c2)CC1,5.7447274948966935
CN1CCN(CCCN2c3ccccc3Sc3ccc(C(F)(F)F)cc32)CC1,4.142667503568732
CN1CCN(CCCNC(=O)CCC2=C(CCC(=O)NCCCN3CCN(C)CC3)C(=O)c3c(O)cccc3C2=O)CC1,4.301029995663981
CN1CCN(CCCNC(=O)CCCC2=C(CCCC(=O)NCCCN3CCN(C)CC3)C(=O)c3c(O)cccc3C2=O)CC1,4.958607314841775
CN1CCN(CCCNC(=O)CCCCC2=C(CCCCC(=O)NCCCN3CCN(C)CC3)C(=O)c3c(O)cccc3C2=O)CC1,5.2076083105017466
CN1CCN(CCCNC(=O)CCCCCC2=C(CCCCCC(=O)NCCCN3CCN(C)CC3)C(=O)c3c(N)cccc3C2=O)CC1,6.096910013008056
CN1CCN(CCCNC(=O)CCCCCC2=C(CCCCCC(=O)NCCCN3CCN(C)CC3)C(=O)c3c(O)cccc3C2=O)CC1,6.096910013008056
CNCCCN1c2ccccc2Sc2ccc(Cl)cc21,3.899629454882437
CNCCCN1c2ccccc2Sc2ccccc21,2.988006885340743
CNc1nc(C#N)nc(Nc2ccccc2)n1,5.8996294548824375
CO/N=C(/C)c1ccc2c(c1)N(CCCN(C)C)c1ccccc1S2,3.454692883534176
COC(=O)C1=C(C)NC(C)=C(C(=O)OCCN2CCN(C(c3ccccc3)c3ccccc3)CC2)C1c1cccc([N+](=O)[O-])c1,4.610924374808178
COC(=O)C1CC(=O)c2oc(=O)c3cc(O)c(O)c(O)c3c21,5.187086643357144
COC(=O)C1CC(=O)c2oc(=O)c3cc(O)c(OC)c(OC)c3c21,3.0
COC(=O)CCCCOc1cc(NCc2ccc3nc(N)nc(N)c3c2)ccc1OC,7.568636235841013
COC(=O)CN1C(C)=Nc2ccc(Br)cc2C1c1ccccc1,4.721246399047171
COC(=O)CN1C(C)=Nc2ccc(C)cc2C1c1ccccc1,4.42021640338319
COC(=O)[C@H](c1ccccc1Cl)N1CCc2sccc2C1.O=S(=O)(O)O,3.7164868169204697
COC(=O)c1cc2nc(SCC(=O)Nc3cnccn3)[nH]c2cc1Cl,4.086186147616283
COC(=O)c1cc2nc(SCC(=O)Nc3ncc([N+](=O)[O-])s3)[nH]c2cc1Cl,4.113509274827518
COC(=O)c1cc2nc(SCC(=O)Nc3nccs3)[nH]c2cc1Cl,3.6516951369518393
COC(=O)c1ccc(-c2nc(-c3ccc(Br)o3)no2)cc1,4.372363747448347
COC(=O)c1ccc(COc2cc(NCc3ccc4nc(N)nc(N)c4c3)ccc2OC)cc1,7.2403321553103694
COC(=O)c1ccc2c(c1)N(CCCN(C)C)c1ccccc1S2,3.4584207560534197
COC(OC)c1ccc(C#N)c(SCC(=O)c2ccc(Cl)cc2)n1,5.0
COC1=CC(=O)N(C(=O)/C=C/[C@@H](CCc2ccccc2)NC(=O)[C@H](CC(C)C)NC(=O)[C@H](CC(C)C)NC(=O)[C@H](C(C)C)N(C)C)C1Cc1ccc(-c2ccc(C#N)cc2)cc1,9.958607314841776
COC1=CC(=O)N(C(=O)/C=C/[C@@H](CCc2ccccc2)NC(=O)[C@H](CC(C)C)NC(=O)[C@H](CC(C)C)NC(=O)[C@H](C(C)C)N(C)C)C1Cc1ccc(-c2ccc(C(F)(F)F)cc2)cc1,9.167491087293763
COC1=CC(=O)N(C(=O)/C=C/[C@@H](CCc2ccccc2)NC(=O)[C@H](CC(C)C)NC(=O)[C@H](CC(C)C)NC(=O)[C@H](C(C)C)N(C)C)C1Cc1ccc(-c2ccc(OC)cc2)cc1,9.55284196865778
COC1=CC(=O)N(C(=O)/C=C/[C@@H](CCc2ccccc2)NC(=O)[C@H](CC(C)C)NC(=O)[C@H](CC(C)C)NC(=O)[C@H](C(C)C)N(C)C)C1Cc1ccc(-c2ccc3ccccc3c2)cc1,9.161150909262744
COC1=CC(=O)N(C(=O)/C=C/[C@@H](CCc2ccccc2)NC(=O)[C@H](CC(C)C)NC(=O)[C@H](CC(C)C)NC(=O)[C@H](C(C)C)N(C)C)C1Cc1ccc(-c2ccccc2)cc1,9.920818753952377
COC1=CC(=O)N(C(=O)/C=C/[C@@H](NC(=O)[C@H](CC(C)C)NC(=O)[C@H](CC2CCCCC2)NC(=O)[C@H](C(C)C)N(C)C)C2CCCCC2)[C@H]1Cc1c[nH]c2ccccc12,9.148741651280924
COC1=CC(=O)N(C(=O)/C=C/[C@H](C)NC(=O)[C@H](CC(C)C)NC(=O)[C@H](CC(C)C)NC(=O)C2CCN(C)CC2)[C@H]1Cc1c[nH]c2ccccc12,9.721246399047171
COC1=CC(=O)N(C(=O)/C=C/[C@H](C)NC(=O)[C@H](CC(C)C)NC(=O)[C@H](CC(C)C)NC(=O)[C@H](C(C)C)N(C)C)[C@H]1Cc1c[nH]c2ccccc12,9.958607314841776
COC1=CC(=O)N(C(=O)/C=C/[C@H](C)NC(=O)[C@H](CC(C)C)NC(=O)[C@H](CC(C)C)OC(=O)[C@H](C(C)C)N(C)C)[C@H]1C,8.539102157243452
COC1=CC(=O)N(C(=O)/C=C/[C@H](C)NC(=O)[C@H](CC(C)C)NC(=O)[C@H](CC(C)C)OC(=O)[C@H](Cc2ccccc2)N(C)C)[C@H]1Cc1ccccc1,9.136677139879543
COC1=CC(=O)N(C(=O)/C=C/[C@H](C)NC(=O)[C@H](CC(C)C)NC(=O)[C@H](CC2CCCCC2)NC(=O)C2CCN(C)CC2)[C@H]1Cc1c[nH]c2ccccc12,10.065501548756432
COC1=CC(=O)N(C(=O)/C=C/[C@H](C)NC(=O)[C@H](CC(C)C)NC(=O)[C@H](CC2CCCCC2)NC(=O)[C@H](C(C)C)N(C)C)[C@H]1Cc1c[nH]c2ccccc12,10.09151498112135
COC1=CC(=O)N(C(=O)/C=C/[C@H](C)NC(=O)[C@H](CC(C)C)NC(=O)[C@H](Cc2ccccc2)NC(=O)[C@H](C(C)C)N(C)C)[C@H]1Cc1c[nH]c2ccccc12,9.070581074285707
COC1=CC(=O)N(C(=O)/C=C/[C@H](C)NC(=O)[C@H](CC2CCCCC2)NC(=O)[C@H](CC(C)C)NC(=O)C2CCN(C)CC2)[C@H]1Cc1c[nH]c2ccccc12,8.869666231504993
COC1=CC(=O)N(C(=O)/C=C/[C@H](C)NC(=O)[C@H](CC2CCCCC2)NC(=O)[C@H](CC(C)C)NC(=O)[C@H](C(C)C)N(C)C)[C@H]1Cc1c[nH]c2ccccc12,9.468521082957745
COC1=CC(=O)N(C(=O)/C=C/[C@H](C)NC(=O)[C@H](CC2CCCCC2)NC(=O)[C@H](CC2CCCCC2)NC(=O)C2CCN(C)CC2)[C@H]1Cc1c[nH]c2ccccc12,8.30539480106643
COC1=CC(=O)N(C(=O)/C=C/[C@H](C)NC(=O)[C@H](CC2CCCCC2)NC(=O)[C@H](CC2CCCCC2)NC(=O)[C@H](C(C)C)N(C)C)[C@H]1Cc1c[nH]c2ccccc12,9.130768280269024
COC1=CC(=O)N(C(=O)/C=C/[C@H](C)NC(=O)[C@H](CCc2ccccc2)NC(=O)[C@H](CC(C)C)NC(=O)[C@H](C(C)C)N(C)C)[C@H]1Cc1c[nH]c2ccccc12,9.309803919971486
COC1=CC(=O)N(C(=O)/C=C/[C@H](C)NC(=O)[C@H](CCc2ccccc2)NC(=O)[C@H](CC2CCCCC2)NC(=O)[C@H](C(C)C)N(C)C)[C@H]1Cc1c[nH]c2ccccc12,8.943095148663527
COC1=CC(=O)N(C(=O)/C=C/[C@H](CCc2ccccc2)NC(=O)[C@H](CC(C)C)NC(=O)[C@H](CC(C)C)NC(=O)C2CCN(C)CC2)C1Cc1ccc(-c2ccc(C#N)cc2)cc1,9.886056647693165
COC1=CC(=O)N(C(=O)/C=C/[C@H](CCc2ccccc2)NC(=O)[C@H](CC(C)C)NC(=O)[C@H](CC(C)C)NC(=O)C2CCN(C)CC2)C1Cc1ccc(-c2ccc(C(F)(F)F)cc2)cc1,9.102372908709558
COC1=CC(=O)N(C(=O)/C=C/[C@H](CCc2ccccc2)NC(=O)[C@H](CC(C)C)NC(=O)[C@H](CC(C)C)NC(=O)C2CCN(C)CC2)C1Cc1ccc(-c2ccc(OC)cc2)cc1,9.585026652029182
COC1=CC(=O)N(C(=O)/C=C/[C@H](CCc2ccccc2)NC(=O)[C@H](CC(C)C)NC(=O)[C@H](CC(C)C)NC(=O)C2CCN(C)CC2)C1Cc1ccc(-c2ccc3ccccc3c2)cc1,8.806875401645538
COC1=CC(=O)N(C(=O)/C=C/[C@H](CCc2ccccc2)NC(=O)[C@H](CC(C)C)NC(=O)[C@H](CC(C)C)NC(=O)C2CCN(C)CC2)C1Cc1ccc(-c2ccccc2)cc1,9.397940008672036
COC1=CC(=O)N(C(=O)/C=C/[C@H](CCc2ccccc2)NC(=O)[C@H](CC(C)C)NC(=O)[C@H](CC(C)C)NC(=O)[C@H](C(C)C)N(C)C)[C@H]1Cc1c[nH]c2ccccc12,10.045757490560677
COC1=CC(=O)N(C(=O)/C=C/[C@H](Cc2ccccc2)NC(=O)[C@H](CC(C)C)NC(=O)[C@H](CC(C)C)OC(=O)[C@H](C(C)C)N(C)C)[C@H]1CC(C)C,9.602059991327964
COC1=CC(=O)N(C(=O)/C=C/[C@H](Cc2ccccc2)NC(=O)[C@H](CC(C)C)NC(=O)[C@H](CC(C)C)OC(=O)[C@H](Cc2ccccc2)N(C)C)[C@@H]1Cc1ccccc1,8.43297363384094
COC1=CC(=O)N(C(=O)/C=C/[C@H](Cc2ccccc2)NC(=O)[C@H](CC(C)C)NC(=O)[C@H](CC(C)C)OC(=O)[C@H](Cc2ccccc2)N(C)C)[C@H]1C,8.920818753952375
COC1=CC(=O)N(C(=O)/C=C/[C@H](Cc2ccccc2)NC(=O)[C@H](CC(C)C)NC(=O)[C@H](CC(C)C)OC(=O)[C@H](Cc2ccccc2)N(C)C)[C@H]1Cc1ccccc1,8.869666231504993
COCCC(C(=O)COc1c(F)c(F)cc(F)c1F)n1cc([C@@](C)(NCc2ccc3ncccc3c2)C(C)C)nn1,6.468521082957745
COCCC(C(=O)COc1c(F)c(F)cc(F)c1F)n1cc([C@@](C)(NCc2ccc3ncsc3c2)C(C)C)nn1,7.200659450546418
COCCC(C(=O)COc1c(F)c(F)cc(F)c1F)n1cc([C@@](C)(NCc2ccc3ncsc3c2)C2CCCC2)nn1,6.906578314837765
COCCC(C(=O)COc1c(F)c(F)cc(F)c1F)n1cc([C@@](C)(NCc2ccn3nccc3n2)C2CCCC2)nn1,5.549750891680639
COCCNC(=O)c1ccc(OC2CCN(Cc3ccc(F)c(F)c3)CC2)c(Cl)c1,5.301029995663981
COCCn1c(C)cc(C(=O)COC(=O)CNC(=O)c2ccccc2)c1C,4.7447274948966935
COCc1cccc(NC(P(=O)(O)O)P(=O)(O)O)c1,5.623973622684633
COc1cc(/C=C/C(=O)N/N=C/c2ccccc2O)cc([N+](=O)[O-])c1OC,4.0762380391713
COc1cc(/C=N/NC(=O)/C=C/c2cc(OC)c(OC)c(OC)c2)cc([N+](=O)[O-])c1O,4.338187314462739
COc1cc(/C=N/NC(=O)/C=C/c2cc(OC)c(OC)c([N+](=O)[O-])c2)cc([N+](=O)[O-])c1O,4.349692476868063
COc1cc(/C=N/NC(=O)c2nc(-c3ccc(Br)cc3)no2)ccc1O,6.698970004336019
COc1cc(/C=N/NC(=O)c2nc(-c3ccc(Cl)cc3)no2)ccc1O,7.397940008672037
COc1cc(CNC(=O)c2nnc(-c3ccccc3N)o2)cc(OC)c1OC,4.0
COc1cc(C[N+](C)(C)CCCN2c3ccccc3Sc3ccc(Cl)cc32)cc(OC)c1,5.267606240177032
COc1cc(NCc2ccc3nc(N)nc(N)c3c2C)cc(OC)c1OC,7.694648630553377
COc1cc(OC)cc(C(=O)N/N=C/c2ccc(C(=O)O)o2)c1,5.0
COc1cc2ncnc(Nc3ccc(F)c(Cl)c3)c2cc1OCCCN1CCOCC1,3.942627806227437
COc1cc2oc(-c3cc(OC)c(OC)c(OC)c3)cc(=O)c2cc1OC,4.091514981121351
COc1ccc(-c2c/c(=[S+]/CC(C)=O)ss2)cc1.[I-],4.958607314841775
COc1ccc(-c2cc(=S)ss2)cc1,5.920818753952375
COc1ccc(-c2cc(NC(=O)c3nnc(-c4ccccc4N)o3)n[nH]2)cc1,6.698970004336019
COc1ccc(-c2ccc(-c3ccccc3)o2)c(OC)c1,4.752026733638194
COc1ccc(-c2ccc(-c3ccccc3)o2)cc1,5.130768280269024
COc1ccc(-c2ccc(-c3ccccc3)o2)cc1OC,4.716698771296451
COc1ccc(-c2coc3cc(O)c(OC)cc3c2=O)cc1,4.075720713938118
COc1ccc(-c2csc(N/N=C(\C)c3ccccn3)n2)cc1,7.397940008672037
COc1ccc(/C=C(\CC(=O)O)c2nc3ccccc3s2)cc1OC,3.744727494896694
COc1ccc(/C=N/NC(=O)c2ccc(Br)cc2)cc1Cn1cc(Cl)cn1,4.920818753952375
COc1ccc(/C=N/NC(N)=S)cc1O,5.0
COc1ccc(/C=N/Nc2nccc(C(F)(F)F)n2)cc1,4.0
COc1ccc(C(=O)CC2CCCCC2)cc1OC1CCOC1,5.309803919971486
COc1ccc(C(=O)CCC2CCCCC2)cc1OC1CCOC1,5.0
COc1ccc(C(=O)CCc2ccccc2)cc1OC1CCOC1,5.0
COc1ccc(C(=O)N/N=C/c2ccoc2)c(OC)c1,3.7800000019463225
COc1ccc(C(=O)Nc2nncs2)c(OC)c1,4.0713337517843655
COc1ccc(C(Nc2cccc3ccccc23)P(=O)(O)O)cc1,3.5686362358410126
COc1ccc(C2Oc3cc(OC)cc(O)c3C(=O)C2c2c(OC)cc(O)c3c(=O)cc(-c4ccc(OC)c(OC)c4)oc23)cc1,3.628932137728264
COc1ccc(C=O)cc1OC1CCOC1,5.0
COc1ccc(CC(=O)Nc2ccc(S(=O)(=O)Nc3cc(C)on3)cc2)cc1C,4.686132779630847
COc1ccc(CC(=O)Nc2ccc(S(=O)(=O)Nc3cc(C)on3)cc2)cc1OC,4.2441251443275085
COc1ccc(Cl)cc1NC(=O)COC(=O)C(CC(C)C)N1C(=O)C2CC=CCC2C1=O,6.0
COc1ccc(N2CCN(c3cnc(N)nc3N)CC2)cc1,8.250263684430939
COc1ccc(NC(=O)COC(=O)C(CC(C)C)N2C(=O)C(Cl)=C(Cl)C2=O)cc1,6.221848749616356
COc1ccc(NC(=O)c2nnc(-c3ccccc3N)o2)c(OC)c1,5.522878745280337
COc1ccc(NC(P(=O)(O)O)P(=O)(O)O)cn1,3.5228787452803374
COc1ccc(NCc2ccc3nc(N)nc(N)c3c2)cc1OC,7.567030709125595
COc1ccc(NCc2ccc3nc(N)nc(N)c3c2)cc1OCCCC(=O)O,7.214670164989233
COc1ccc(Nc2nc(NCc3ccccc3)c3ccccc3n2)cc1,4.2839966563652006
COc1ccc(OC)c(CNC(=O)c2nnc(-c3ccccc3N)o2)c1,4.909379381312206
COc1ccc(S(=O)(=O)Nc2nc3ccccc3nc2NCc2ccc3c(c2)OCO3)cc1,4.920818753952375
COc1ccc2[nH]c(CCNC(=O)COc3ccc4ccccc4c3Br)nc2c1,6.267606240177032
COc1ccc2c(C[N+](C)(C)CCCN3c4ccccc4Sc4ccc(Cl)cc43)cc(=O)oc2c1,5.530177984021837
COc1ccc2cc(O)c(C(=O)N/N=C/c3c(O)ccc4ccccc34)cc2c1,6.221848749616356
COc1ccc2cc(O)c(C(=O)N/N=C/c3ccc(-c4cc(C(F)(F)F)nn4C)s3)cc2c1,6.699991797446187
COc1ccc2ccccc2c1/C=N/N=C(/N)S,6.251811972993799
COc1ccc2nc3cc(Cl)ccc3c(NCCCCCCNC(=O)NCc3ccccc3)c2c1,4.943095148663527
COc1ccc2nc3cc(Cl)ccc3c(NCCCCNC(=O)NCc3ccccc3)c2c1,4.809668301829708
COc1ccc2nc3cc(Cl)ccc3c(NCCCCNS(=O)(=O)c3ccc4ccccc4c3)c2c1,5.301029995663981
COc1ccc2nc3cc(Cl)ccc3c(NCCCNC(=O)NCc3ccccc3)c2c1,4.882728704344236
COc1ccc2nc3cc(Cl)ccc3c(NCCCNS(=O)(=O)c3ccc4ccccc4c3)c2c1,5.481486060122113
COc1ccc2nc3cc(Cl)ccc3c(NCCNC(=O)NCc3ccccc3)c2c1,4.714442690992226
COc1ccc2nc3cc(Cl)ccc3c(NCCNS(=O)(=O)c3ccc4ccccc4c3)c2c1,5.229147988357856
COc1cccc(-c2ccc(-c3ccccc3)o2)c1,5.050609993355088
COc1cccc(/C(C)=N/N=C(/N)S)c1,4.132536532942796
COc1cccc(/C=C(\CC(=O)O)c2nc3ccccc3s2)c1,3.508638306165728
COc1cccc(C(=O)N[C@@H]2[C@H](O)[C@@H](CO)O[C@H]2n2cnc3c(NCc4cccc5ccccc45)ncnc32)c1,4.920818753952375
COc1cccc(C(=O)N[C@@H]2[C@H](O)[C@@H](COP(=O)(O)O)O[C@H]2n2cnc3c(NCc4cccc5ccccc45)ncnc32)c1,5.301029995663981
COc1cccc(C(=O)N[C@@H]2[C@H](O)[C@@H](COP(=O)(O)OP(=O)(O)O[C@H]3O[C@@H]([n+]4ccc(C(N)=O)cc4)[C@H](O)[C@@H]3O)O[C@H]2n2cnc3c(NCc4cccc5ccccc45)ncnc32)c1.[Cl-],7.0
COc1cccc(CN2C(=O)C(=O)c3cc(C)ccc32)c1,5.698970004336019
COc1cccc(CN2C(=O)C(=O)c3cc(Cl)ccc32)c1,5.0
COc1cccc(N2CCN(c3cnc(N)nc3N)CC2)c1,7.540607512240769
COc1cccc2cc(C(=O)n3ccc(C)n3)c(=O)oc12,3.9477564443438022
COc1ccccc1-c1ccc(/C=N/N=C(/N)S)o1,6.552841968657781
COc1ccccc1/C=N/Nc1nc(C)cc(C(F)(F)F)n1,3.823908740944319
COc1nncc(-c2cnnc(SC)n2)n1,4.568636235841013
CS(=O)(=O)c1ccc(-c2ccc([C@H](N[C@@H](CC(Cl)Cl)C(=O)N[C@H](C#N)Cc3ccccc3)C(F)(F)F)cc2)cc1,10.0
CS(=O)(=O)c1ccc(-c2ccc([C@H](N[C@@H](CC3CC3)C(=O)N[C@H](C#N)Cc3ccccc3)C(F)(F)F)cc2)cc1,7.795880017344075
CS(=O)(=O)c1ccc(-c2ccc([C@H](N[C@@H](Cc3ccccc3)C(=O)N[C@H](C#N)Cc3ccccc3)C(F)(F)F)cc2)cc1,8.154901959985743
CS(=O)(=O)c1ccc(-c2ccc([C@H](N[C@H](C(=O)N[C@H](C#N)Cc3ccccc3)C3CC3)C(F)(F)F)cc2)cc1,8.154901959985743
CS(=O)(=O)c1sc(C(=O)NC(=S)Nc2ccc(OC(F)(F)F)cc2)c2ccccc12,5.161150909262744
CS/C(S)=N/N=C(\C)c1cccc(Br)c1,4.698970004336019
CSc1ccc(/C=N/NC(=O)c2cccc(C)c2O)s1,5.0
CSc1cccc(NC(=O)Nc2sc3ccccc3c2Cl)c1,5.0
CSc1nc2cc(Cl)c(Oc3cccc(Cl)c3Cl)cc2[nH]1,4.261439372640169
CSc1nncc(-c2ccccc2)n1,4.0
CSc1nncc(-c2cnc(SC)c3c2CCCC3)n1,4.0
CSc1noc(-c2ccc(S(=O)(=O)NCc3ccccc3)s2)c1C#N,5.366531544420414
C[C@@](NCc1ccc2ncsc2c1)(c1cn(C(CCS(C)(=O)=O)C(=O)COc2c(F)c(F)cc(F)c2F)nn1)C1CCCC1,7.602059991327962
C[C@@](NCc1ccc2occc2c1)(c1cn(C(CCS(C)(=O)=O)C(=O)COc2c(F)c(F)cc(F)c2F)nn1)C1CCCC1,6.102372908709558
C[C@H](NC(P(=O)(O)O)P(=O)(O)O)c1cccc2ccccc12,3.5214393741071595
C[C@H]1[C@H]2C=C[C@@H]1[C@@H](C(=O)O)[C@@H]2c1c2ccc(=O)c(O)c-2oc2c(O)c(O)ccc12,4.184531940467904
C[N+](C)(C)CCCN1c2ccccc2Sc2ccc(Cl)cc21.[I-],4.552841968657781
C[N+](C)(CCCN1c2ccccc2Sc2ccc(Cl)cc21)C(c1ccccc1)c1ccccc1,5.920818753952375
C[N+](C)(CCCN1c2ccccc2Sc2ccc(Cl)cc21)CC(=O)C12CC3CC(CC(C3)C1)C2,4.892790030352131
C[N+](C)(CCCN1c2ccccc2Sc2ccc(Cl)cc21)CC1CCCCC1,4.978810700930062
C[N+](C)(CCCN1c2ccccc2Sc2ccc(Cl)cc21)Cc1c(F)c(F)c(F)c(F)c1F,5.0
C[N+](C)(CCCN1c2ccccc2Sc2ccc(Cl)cc21)Cc1ccc(Br)cc1,4.924453038607469
C[N+](C)(CCCN1c2ccccc2Sc2ccc(Cl)cc21)Cc1ccc(Cl)c(Cl)c1,6.107905397309519
C[N+](C)(CCCN1c2ccccc2Sc2ccc(Cl)cc21)Cc1ccc(Cl)cc1,4.896196279044043
C[N+](C)(CCCN1c2ccccc2Sc2ccc(Cl)cc21)Cc1ccc(OCc2ccccc2)cc1,4.982966660701219
C[N+](C)(CCCN1c2ccccc2Sc2ccc(Cl)cc21)Cc1ccc([N+](=O)[O-])cc1.[Cl-],4.747146969020107
C[N+](C)(CCCN1c2ccccc2Sc2ccc(Cl)cc21)Cc1cccc(Cl)c1,5.180456064458132
C[N+](C)(CCCN1c2ccccc2Sc2ccc(Cl)cc21)Cc1ccccc1,5.095825631715837
C[N+](C)(CCCN1c2ccccc2Sc2ccc(Cl)cc21)c1ccc2ccccc2c1,5.031517051446065
C[N+]1(C)CCCC2c3ccccc3Sc3ccc(Cl)cc3C21,4.1232050237993
C[N+]1(Cc2ccccc2)CCC(/N=C/C2C(=O)NC(=O)N(C3CCCCC3)C2=O)CC1,4.3448615651886175
C[n+]1nn(-c2ccc(-c3nc(CCc4ccc(-c5ccccc5)cc4)cs3)c(OCCN3CCNC3=O)c2)cc1CCCCN.O=C(O)C(F)(F)F.O=S(=O)([O-])C(F)(F)F,5.036212172654444
C[n+]1nn(-c2ccc(-c3nc(CCc4ccc5ccccc5c4)cs3)c(OCCN3CCNC3=O)c2)cc1CCCCN.O=C(O)C(F)(F)F.O=S(=O)([O-])C(F)(F)F,5.036212172654444
C[n+]1nn(-c2ccc(-c3nc(CCc4ccccc4)cs3)c(OCCN3CCNC3=O)c2)cc1CCCCN.O=C(O)C(F)(F)F.O=S(=O)([O-])C(F)(F)F,4.314258261397736
Cc1c(/C=N/NC(=O)c2ccc([N+](=O)[O-])cc2)no[n+]1[O-],4.950781977329818
Cc1c(C)c2c(c(C)c1OC(=O)c1cccnc1)CC[C@@](C)(CCC[C@H](C)CCC[C@H](C)CCCC(C)C)O2,3.703356966489771
Cc1c(O)cccc1C(=O)N[C@@H](CSc1ccccc1)[C@H](O)CN1C[C@H]2CCCC[C@H]2C[C@H]1C(=O)NC(C)(C)C,3.682258126592544
Cc1cc(-c2cccc(CC(O)(P(=O)(O)O)P(=O)(O)O)c2)c(F)cc1F,5.640082036340232
Cc1cc(=O)oc2cc(OCC#N)ccc12,4.0713337517843655
Cc1cc(C#N)cc(C)c1Oc1nc(Nc2ccc(C#N)cc2)nc(N)c1Br,4.548455006504028
Cc1cc(C(=O)C[N+](C)(C)CCCN2c3ccccc3Sc3ccc(Cl)cc32)ccc1Cl,5.0655015487564325
Cc1cc(C(=O)NCC(=O)OC(C(=O)Nc2cc(C(F)(F)F)ccc2Cl)c2ccccc2)ccc1[N+](=O)[O-],6.3979400086720375
Cc1cc(C(F)(F)F)nc(N/N=C/c2ccc(Cl)cc2)n1,4.0
Cc1cc(C(F)(F)F)nc(N/N=C/c2ccccc2C)n1,4.0
Cc1cc(C)c2[nH]c(O)c(/N=N/C(=N)S)c2c1,4.795880017344075
Cc1cc(C)c2c(C)nc(Nc3nc(C)cc(C)n3)nc2c1,4.0
Cc1cc(C)c2c(c1)C(=O)C(=O)N2,5.0
Cc1cc(C)c2nc(NC(=N)N)nc(C)c2c1,4.0
Cc1cc(C)c2nc(Nc3nc(C)c(C)c(O)n3)nc(C)c2c1,4.0
Cc1cc(Cl)cc2c(/N=N/C(=N)S)c(O)[nH]c12,4.978810700930062
Cc1cc(N(C)S(=O)(=O)c2ccc(NC(=O)Cc3ccc(Cl)c(Cl)c3)cc2)no1,5.686132779630847
Cc1cc(NC(=O)COC(=O)C(Cc2c[nH]c3ccccc23)NC(=O)c2ccc(F)cc2)no1,5.522878745280337
Cc1cc(NC(=O)COC(=O)C(Cc2ccccc2)NC(=O)c2ccco2)no1,4.42021640338319
Cc1cc(NC(=O)Cc2cccs2)no1,4.372363747448347
Cc1cc(NC(=O)c2cc(CC(C)C)on2)no1,4.0713337517843655
Cc1cc(NC(=O)c2ccc(NC(=O)Cc3ccc(Cl)c(Cl)c3)cc2)no1,4.2441251443275085
Cc1cc(NC(=O)c2csc(NC(=O)Cc3ccc(Cl)c(Cl)c3)n2)no1,4.2441251443275085
Cc1cc(NC(=O)c2nnc(-c3ccccc3N)o2)n[nH]1,4.958607314841775
Cc1cc(NS(=O)(=O)C2CCN(C(=O)Cc3ccc(Cl)c(Cl)c3)CC2)no1,4.886056647693163
Cc1cc(NS(=O)(=O)CCNC(=O)Cc2ccc(Cl)c(Cl)c2)no1,4.787812395596042
Cc1cc(NS(=O)(=O)Cc2ccc(NC(=O)Cc3ccc(Cl)c(Cl)c3)cc2)no1,5.486782399932061
Cc1cc(NS(=O)(=O)c2ccc(C(=O)NCc3ccc(Cl)c(Cl)c3)cc2)no1,5.536107011014093
Cc1cc(NS(=O)(=O)c2ccc(N(C)C(=O)Cc3ccc(Cl)c(Cl)c3)cc2)no1,5.886056647693163
Cc1cc(NS(=O)(=O)c2ccc(NC(=O)C(C)(C)c3ccc(Cl)c(Cl)c3)cc2)no1,4.437707135543525
Cc1cc(NS(=O)(=O)c2ccc(NC(=O)CCc3ccc(Cl)c(Cl)c3)cc2)no1,5.186419011431808
Cc1cc(NS(=O)(=O)c2ccc(NC(=O)Cc3ccc(C)c(C)c3)cc2)no1,5.187086643357144
Cc1cc(NS(=O)(=O)c2ccc(NC(=O)Cc3ccc(C)c(F)c3)cc2)no1,5.337242168318426
Cc1cc(NS(=O)(=O)c2ccc(NC(=O)Cc3ccc(Cl)c(C(F)(F)F)c3)cc2)no1,6.036212172654444
Cc1cc(NS(=O)(=O)c2ccc(NC(=O)Cc3ccc(Cl)c(Cl)c3)cc2)n(C)n1,5.935542010773082
Cc1cc(NS(=O)(=O)c2ccc(NC(=O)Cc3ccc(Cl)c(Cl)c3)cc2)no1,6.638272163982407
Cc1cc(NS(=O)(=O)c2ccc(NC(=O)Cc3ccc(Cl)c(F)c3)cc2)no1,6.187086643357144
Cc1cc(NS(=O)(=O)c2ccc(NC(=O)Cc3ccc(Cl)cc3)cc2)no1,5.835647144215563
Cc1cc(NS(=O)(=O)c2ccc(NC(=O)Cc3ccc(Cl)cc3Cl)cc2)no1,4.835647144215563
Cc1cc(NS(=O)(=O)c2ccc(NC(=O)Cc3ccc(F)c(Cl)c3)cc2)no1,6.337242168318426
Cc1cc(NS(=O)(=O)c2ccc(NC(=O)Cc3ccc4ccccc4c3)cc2)no1,5.73754891026957
Cc1cc(NS(=O)(=O)c2ccc(NC(=O)Cc3cccc(Cl)c3)cc2)no1,5.586700235918748
Cc1cc(NS(=O)(=O)c2ccc(NC(=O)Cc3ccccc3)cc2)no1,4.686132779630847
Cc1cc(NS(=O)(=O)c2ccc(NC(=O)c3ccc(Cl)c(Cl)c3)cc2)no1,4.686132779630847
Cc1cc(NS(=O)(=O)c2ccc(NCCc3ccc(Cl)c(Cl)c3)cc2)no1,4.787812395596042
Cc1cc(NS(=O)(=O)c2ccc(NS(=O)(=O)Cc3ccc(Cl)c(Cl)c3)cc2)no1,4.2441251443275085
Cc1cc(NS(=O)(=O)c2cccc(NC(=O)Cc3ccc(Cl)c(Cl)c3)c2)no1,4.787812395596042
Cc1cc2cc(NC(=O)c3nnc(-c4ccccc4N)o3)ccc2[nH]1,4.8145658330775705
Cc1ccc(-c2cc(-c3ccc4c(c3)OCO4)no2)cc1,4.0
Cc1ccc(-c2cc(C(F)(F)F)nn2-c2ccc(S(N)(=O)=O)cc2)cc1,3.648784731777237
Cc1ccc(-c2cc(NC(=O)c3nnc(-c4ccccc4N)o3)n[nH]2)cc1,6.301029995663981
Cc1ccc(-c2csc(NC(=O)c3ccno3)n2)cc1,4.0713337517843655
Cc1ccc(-c2nsc(=O)[nH]2)cc1,5.455931955649724
Cc1ccc(/C(=N\N=C(\N)S)c2ccc(Cl)c(Cl)c2)cc1,7.397940008672037
Cc1ccc(/C=C2\CC/C(=C\c3ccc(C)cc3)C2=O)cc1,4.0
Cc1ccc(/C=C2\CCC/C(=C\c3ccc(C)cc3)C2=O)cc1,4.0
Cc1ccc(/C=N/Nc2nccc(C(F)(F)F)n2)cc1,4.0
Cc1ccc(C(=O)Nc2nc(-c3cc(Cl)sc3Cl)cs2)cc1,4.920818753952375
Cc1ccc(C)c(/C=C(\CC(=O)O)c2nc3ccccc3s2)c1,3.9208187539523753
Cc1ccc(C)c(CN2C(=O)C(=O)c3cc(C)ccc32)c1,4.096910013008056
Cc1ccc(C)c(SC/C=N/NC(N)=S)c1,5.481486060122113
Cc1ccc(C)n1C(Cc1ccccc1)C(=O)O,4.610924374808178
Cc1ccc(CNC(=O)c2nnc(-c3ccccc3N)o2)o1,4.853871964321762
Cc1ccc(C[N+](C)(C)CCCN2c3ccccc3Sc3ccc(Cl)cc32)cc1,4.966576244513051
Cc1ccc(C[N+](C)(C)CCCN2c3ccccc3Sc3ccc(Cl)cc32)cc1C,5.4089353929735005
Cc1ccc(Cl)cc1NC(=O)CCC(=O)Nc1cc(Cl)ccc1C,4.920818753952375
Cc1ccc(N2CC(C(=O)Nc3ccccc3Sc3ccccc3)CC2=O)cc1,4.0
Cc1ccc(N2CCN(c3cnc(N)nc3N)CC2)cc1,7.739928612014925
Cc1ccc(NC(=O)CSC(N)=O)cc1Cl,4.0713337517843655
Cc1ccc(NC(=O)c2ccc(CN3CCN(C)CC3)cc2)cc1Nc1nccc(-c2cccnc2)n1,3.605636602612935
Cc1ccc(OCCn2c(CCNC(=O)C3CCCCC3)nc3ccccc32)cc1,5.698970004336019
Cc1ccc(S(=O)(=O)N2c3ccccc3C(=O)/C(=C/c3ccc(O)c(O)c3)C2c2ccc(O)c(O)c2)cc1,6.221848749616356
Cc1ccc(S(=O)(=O)Nc2ccc(C(=O)/C=C/c3ccc(O)c(O)c3)cc2)cc1,6.045757490560675
Cc1ccc(S(=O)(=O)Nc2nnc(SCC(=O)Nc3ccc4c(c3)OCO4)s2)cc1,3.552841968657781
Cc1ccc(SC/C=N/N=C2\NC(=O)C(C)S2)cc1,4.690369832574102
Cc1ccc(SCC/C=N/NC2=NC(=O)C(C)S2)cc1,4.690369832574102
Cc1ccc2[nH]c(CCNC(=O)COc3ccc4ccccc4c3Br)nc2c1,6.21113923774549
Cc1ccc2[nH]c(O)c(/N=N/C(=N)S)c2c1,4.301029995663981
Cc1ccc2c(c1)C(=O)C(=O)N2,5.0
Cc1ccc2c(c1)C(=O)C(=O)N2Cc1ccc(Cl)cc1,5.0
Cc1ccc2c(c1)C(=O)C(=O)N2Cc1ccccc1-c1ccccc1,5.552841968657781
Cc1ccc2nc(-c3ccc4nc(-c5ccc(N)cc5)sc4c3)sc2c1S(=O)(=O)O,5.096910013008056
Cc1ccc2nc(Nc3nc(C)cc(C)n3)nc(C)c2c1,4.0
Cc1cccc(C(=O)OCC(=O)Nc2cc(Cl)ccc2Cl)c1,3.6989700043360183
Cc1cccc(CN2CCN(C(c3ccccc3)c3ccc(Cl)cc3)CC2)c1.Cl,3.745735140514357
Cc1cccc(Cc2ccc[n+](CC(O)(P(=O)(O)O)P(=O)(O)O)c2)c1,3.5214393741071595
Cc1cccc(NS(=O)(=O)c2ccc(C)c(C(=O)OCC(=O)Nc3cc(C)on3)c2)c1,4.372363747448347
Cc1cccc(Nc2nc(C#N)nc(NC3CCCC3)n2)c1,7.211254100081387
Cc1cccc(OCCNC(=O)n2ccnc2)c1,6.0
Cc1ccccc1/C=N/Nc1nccc(C(F)(F)F)n1,4.0
Cc1ccccc1OCC(=O)NCC(=O)OCC(=O)c1ccc2ccccc2c1,6.154901959985743
Cc1ccccc1OCC(=O)NCCc1nc2ccccc2[nH]1,5.523437434634868
Cc1cccnc1NC(P(=O)(O)O)P(=O)(O)O,4.339851914931011
Cc1nc(-c2ccccc2)sc1C(=O)N[C@H](/C=C/S(=O)(=O)c1ccccc1)CCc1ccccc1,5.0
Cc1nc(-c2cccnc2)sc1C(=O)N[C@H](/C=C/S(=O)(=O)c1ccccc1)CCc1ccccc1,5.698970004336019
Cc1nc(-c2cnccn2)sc1C(=O)N[C@H](/C=C/S(=O)(=O)c1ccccc1)CCc1ccccc1,6.0
Cc1nc(NC(=N)N)nc2ccccc12,4.0
Cc1nn(-c2ccccc2)nc1CNC(=O)c1nnc(-c2ccccc2N)o1,5.154901959985743
Cc1occc1C(=O)n1nnc2ccccc21,3.5982714421757933
Cc1sc(NC(=S)NC(=O)C2CCCCC2)c(C(N)=O)c1C,4.920818753952375
Cl.Cl.Cl.NCCCCNCCCCNCc1c2ccccc2cc2ccccc12,5.137480549172891
Cl.Cl.Clc1cc(Br)ccc1-c1ccc(CNCC2CCNCC2)o1,4.585026652029182
Cl.Cl.NCCCCNCc1c2ccccc2cc2ccccc12,5.2438596371907344
ClCc1ccc(-c2cc(-c3ccc4c(c3)OCO4)no2)cc1,4.0
Clc1cc(Br)ccc1-c1ccc(CNCCN2CCOCC2)o1,4.036212172654444
Clc1ccc(Nc2nc(NCCN3CCOCC3)c3ccccc3n2)cc1,5.6020599913279625
Clc1ccc(Nc2nc(NCc3ccccc3)c3ccccc3n2)cc1,5.619788758288394
Clc1ccc2[nH]c3c(NCCCN4CCOCC4)ncnc3c2c1,5.0832924910722
Clc1ccc2c(NCCCN3CCOCC3)ccnc2c1,4.823908740944319
Clc1ccc2c(NCCN3CCOCC3)ccnc2c1,4.3872161432802645
Clc1ccc2c(NCc3ccccc3)ccnc2c1,4.356547323513813
Clc1ccc2c(c1)N(N1CCC1)c1ccccc1S2,4.092588639225414
Cn1c(/C=N/N=C(/N)S)cc2ccccc21,5.552841968657781
Cn1c(=O)n(C)c2cc(CNCCNc3ccnc4cc(Cl)ccc34)ccc21,4.0655309108335445
Cn1c(C(C#N)C(=O)c2sc3ccccc3c2Cl)nc2ccccc21,4.5713337517843655
Cn1ccc(NC(=O)c2nnc(-c3ccccc3N)o2)n1,4.0
Cn1cnnc1SCC(=O)Nc1sc2c(c1C(N)=O)CCC2,4.0713337517843655
Cn1nc(-c2ccc(/C=N/N=C(/N)S)s2)cc1C(F)(F)F,5.154901959985743
Cn1nc(C(F)(F)F)cc1-c1ccc(NC(=O)Nc2cccc(C(F)(F)F)c2)s1,5.508638306165727
Cn1nccc1NC(=O)c1nnc(-c2ccccc2N)o1,4.0
FC(F)(F)c1ccc(NC(=S)N2CCC(c3cccc(Br)c3)=N2)cc1,5.0
FC(F)(F)c1cccc(NC(=S)N2CCC(c3cccc(Cl)c3)=N2)c1,5.769551078621726
FC(F)(F)c1ccnc(N/N=C/c2ccc(Cl)cc2)n1,4.070581074285707
FC(F)(F)c1ccnc(N/N=C/c2ccccc2)n1,3.823908740944319
Fc1ccccc1Nc1ncnc2c1nnn2Cc1ccccc1,5.0
N#Cc1c(-c2ccccc2)cc(-c2ccco2)c(C#N)c1N,4.5713337517843655
N#Cc1ccccc1OCC(=O)NCCc1nc2ccccc2[nH]1,4.186419011431808
N#Cc1nc(N)nc(N(c2ccccc2)c2ccccc2)n1,7.154901959985743
N#Cc1nc(NC2CCCC2)c2ncn(-c3cc(F)cc(F)c3)c2n1,6.5003129173815966
N#Cc1nc(NCC(F)F)c2ncn(-c3cc(F)cc(F)c3)c2n1,7.301029995663981
N#Cc1nc(NCC(F)F)c2ncn(-c3cccc(Cl)c3)c2n1,7.1487416512809245
N#Cc1nc(NCC(F)F)nc(Nc2cc(F)cc(F)c2)n1,8.301029995663981
N#Cc1nc(NCC2CC2)nc(Nc2ccccc2)n1,6.050609993355088
N#Cc1nc(NCCCCO)nc(Nc2ccccc2)n1,6.050609993355088
N#Cc1nc(NCCO)nc(Nc2ccccc2)n1,5.801342913045578
N#Cc1nc(Nc2cc(Cl)cc(Cl)c2)nc(NC2CCCC2)n1,7.200058463963156
N#Cc1nc(Nc2cc(F)cc(F)c2)c2ncn(C3CCCC3)c2n1,7.744727494896693
N#Cc1nc(Nc2cc(F)cc(F)c2)c2ncn(CC(F)F)c2n1,7.886056647693163
N#Cc1nc(Nc2cc(F)cc(F)c2)nc(NC2CCCC2)n1,7.799299729609228
N#Cc1nc(Nc2ccc(Br)cc2)nc(NC2CCCC2)n1,6.585927946348107
N#Cc1nc(Nc2ccc(F)cc2)nc(NC2CCCC2)n1,7.211254100081387
N#Cc1nc(Nc2cccc(-c3ccccc3)c2)nc(NC2CCCC2)n1,6.475487951042476
N#Cc1nc(Nc2cccc(Br)c2)nc(NC2CCCC2)n1,7.849485002168009
N#Cc1nc(Nc2cccc(C(F)(F)F)c2)nc(NC2CCCC2)n1,7.397940008672037
N#Cc1nc(Nc2cccc(Cl)c2)c2ncn(C3CCCC3)c2n1,8.460409376976187
N#Cc1nc(Nc2cccc(Cl)c2)nc(NC2CCCC2)n1,7.900671456522788
N#Cc1nc(Nc2cccc(F)c2)nc(NC2CCCC2)n1,7.551186454354779
N#Cc1nc(Nc2cccc([N+](=O)[O-])c2)nc(NC2CCCC2)n1,8.100329725273209
N#Cc1nc(Nc2ccccc2)nc(NC2CCCC2)n1,6.1487416512809245
N#Cc1nc(Nc2ccccc2)nc(NC2CCCCC2)n1,5.85078088734462
N/C(S)=N/N=C(/c1ccc(Cl)c(Cl)c1)C1CC1c1ccccc1,7.522878745280337
N/C(S)=N/N=C(/c1ccc(Cl)c(Cl)c1)C1CCCCC1,5.522878745280337
N/C(S)=N/N=C(\C=C\c1ccccc1)c1ccc(Cl)c(Cl)c1,7.522878745280337
N/C(S)=N/N=C(\CCc1ccccc1)c1ccc(Cl)c(Cl)c1,7.397940008672037
N/C(S)=N/N=C(\COc1ccccc1)c1ccc(Cl)c(Cl)c1,7.522878745280337
N/C(S)=N/N=C(\Cc1ccccc1)c1ccc(Cl)c(Cl)c1,7.096964306605276
N/C(S)=N/N=C/c1cc(C#Cc2ccccc2)cs1,5.0
N/C(S)=N/N=C/c1cc(Cl)cc(Cl)c1,6.251874028361172
N/C(S)=N/N=C/c1ccc(-c2ccc(Br)cc2)o1,6.552841968657781
N/C(S)=N/N=C/c1ccc(-c2ccc(Cl)cc2)o1,6.261439372640169
N/C(S)=N/N=C/c1ccc(-c2cccc(Cl)c2)o1,6.853871964321762
N/C(S)=N/N=C/c1ccc(Cl)c(Cl)c1,6.552435385432721
N/C(S)=N/N=C/c1cccc(Br)c1,5.881028662031119
N/C(S)=N/N=C/c1cccc(Cl)c1Cl,5.0
N/C(S)=N/N=C/c1cccn1S(=O)(=O)c1ccccc1,5.552841968657781
N=C(N)CCN1c2ccccc2Sc2ccc(Cl)cc21,3.512861624522813
N=C(N)CCN1c2ccccc2Sc2ccccc21,3.003488327845821
N=C(N)N/N=C/c1ccc(OCc2ccc3no[n+]([O-])c3c2)cc1,4.494850021680094
N=C(NCCCNCCCCCCCNCCCNC(=N)NC(=N)NCC(c1ccccc1)c1ccccc1)NC(=N)NCC(c1ccccc1)c1ccccc1,5.779891911959945
N=C(NCCCNCCCCCCCNCCCNC(=N)NC(=N)NCCC(c1ccccc1)c1ccccc1)NC(=N)NCCC(c1ccccc1)c1ccccc1,6.022276394711152
N=C(NCCCNCCCCCCCNCCCNC(=N)NC1CCCCCC1)NC1CCCCCC1,4.752517739322946
N=C(NCCCNCCCCCCCNCCCNC(=N)NCC(c1ccccc1)c1ccccc1)NCC(c1ccccc1)c1ccccc1,5.3260580013659125
N=C(NCCCNCCCCCCCNCCCNC(=N)NCCC(c1ccccc1)c1ccccc1)NCCC(c1ccccc1)c1ccccc1,5.649751981665837
N=C(NCCCNCCCCCCCNCCCNC(=N)NCc1ccccc1)NCc1ccccc1,4.158202701125645
N=C(NCCCNCCCCNCCCNC(=N)NC(=N)NCC(c1ccccc1)c1ccccc1)NC(=N)NCC(c1ccccc1)c1ccccc1,5.562249437179612
N=C(NCCCNCCCCNCCCNC(=N)NC(=N)NCCC(c1ccccc1)c1ccccc1)NC(=N)NCCC(c1ccccc1)c1ccccc1,5.528708288941061
N=C(NCCCNCCCCNCCCNC(=N)NCC(c1ccccc1)c1ccccc1)NCC(c1ccccc1)c1ccccc1,5.341035157335565
N=C(NCCCNCCCCNCCCNC(=N)NCCC(c1ccccc1)c1ccccc1)NCCC(c1ccccc1)c1ccccc1,5.527243550682788
N=C(NCCCNCCCNCCCNC(=N)NC(=N)NCC(c1ccccc1)c1ccccc1)NC(=N)NCC(c1ccccc1)c1ccccc1,5.380906669373257
N=C(NCCCNCCCNCCCNC(=N)NC(=N)NCCC(c1ccccc1)c1ccccc1)NC(=N)NCCC(c1ccccc1)c1ccccc1,5.434152181326482
N=C(NCCCNCCCNCCCNC(=N)NCC(c1ccccc1)c1ccccc1)NCC(c1ccccc1)c1ccccc1,5.443697499232713
N=C(NCCCNCCCNCCCNC(=N)NCCC(c1ccccc1)c1ccccc1)NCCC(c1ccccc1)c1ccccc1,5.294992040666664
N=C(S)N/N=C/c1cc(C(F)(F)F)cc(C(F)(F)F)c1,6.494899793144438
N=C(S)N/N=C/c1cccc(C(F)(F)F)c1,6.318840215750609
N=C(S)N/N=C/c1ccccc1C(F)(F)F,5.0
N=C(S)N1CCC(c2cccc(C(F)(F)F)c2)=N1,7.096910013008056
N=c1n(CCOc2ccccc2)c2ccccc2n1CCN1CCCCC1,5.045757490560675
NC(=O)C1(N2CCCCC2)CCN(CC(=O)Nc2ccccc2Sc2ccccc2)CC1,4.0
NC(=O)N/N=C/c1ccc(-c2ccc(Br)cc2)o1,5.0
NC(=O)N/N=C/c1ccc(-c2ccc(Cl)cc2)o1,5.0
NC(=O)N/N=C/c1ccc(-c2cccc(Cl)c2)o1,5.0
NC(=O)N/N=C/c1ccc(OCc2ccc3no[n+]([O-])c3c2)cc1,4.0
NC(=O)SCC(=O)Nc1cccc(Cl)c1,4.0713337517843655
NC(=O)c1ccsc1NC(=O)COC(=O)c1cc(Br)ccc1N,4.045757490560675
NC(=S)/N=N/c1c(O)[nH]c2ccc(Br)cc12,4.698970004336019
NC(=S)/N=N/c1c(O)[nH]c2ccc(Cl)cc12,4.6777807052660805
NC(=S)/N=N/c1c(O)[nH]c2ccc(F)cc12,4.522878745280337
NC(=S)/N=N/c1c(O)[nH]c2ccc(I)cc12,5.045757490560675
NC(=S)/N=N/c1c(O)[nH]c2ccc([N+](=O)[O-])cc12,4.522878745280337
NC(=S)/N=N/c1c(O)[nH]c2ccccc12,5.096910013008056
NC(=S)N/N=C(/COc1ccc(Br)cc1)c1ccc(-c2ccccc2)cc1,6.221848749616356
NC(=S)N/N=C(\CCN1CCCCC1)c1ccc(Cl)c(Cl)c1,8.306088048090976
NC(=S)N/N=C(\CCN1CCOCC1)c1ccc(Cl)c(Cl)c1,8.27392884046586
NC(=S)N/N=C(\CCn1ccnc1)c1ccc(Cl)c(Cl)c1,7.463507627686035
NC(=S)N/N=C(\COc1ccc(Cl)c(Cl)c1)c1ccc(Br)cc1,8.096910013008056
NC(=S)N/N=C(\COc1ccc(F)c(Cl)c1)c1ccc(Br)cc1,7.154901959985743
NC(=S)N/N=C(\COc1ccc(F)cc1)c1ccc(Br)cc1,6.3979400086720375
NC(=S)N/N=C(\c1ccccc1)c1cccc(Br)c1,7.096910013008056
NC(=S)N/N=C/CSc1cccc(Cl)c1,4.721246399047171
NC(=S)N/N=C/c1ccc(-c2ccc(Br)cc2Cl)o1,6.346787486224656
NC(=S)N/N=C/c1ccc(OCc2ccc3no[n+]([O-])c3c2)cc1,4.366531544420414
NC(=S)N/N=C/c1ccc2no[n+]([O-])c2c1,4.0
NC(=S)N/N=C/c1cccc(Cl)c1,3.98023416769888
NC(=S)N/N=C1/CCC(c2ccc(Br)cc2)C1,5.301029995663981
NC(=S)N/N=C1/CCCC(c2ccc(Br)cc2)C1,5.154901959985743
NC(=S)N/N=C1\CCCc2c(Br)cccc21,5.920818753952375
NC(=S)N/N=C1\CCCc2ccc(Br)cc21,7.769551078621726
NC(=S)N/N=C1\CCOc2ccc(Br)cc21,6.958607314841775
NC(=S)N/N=C1\CCOc2ccccc21,4.769551078621726
NC(=S)N/N=C1\CCS(=O)(=O)c2c(Br)cc(Br)cc21,6.086186147616283
NC(=S)N/N=C1\CCS(=O)(=O)c2ccc(Br)cc21,6.6777807052660805
NC(=S)N/N=C1\CCS(=O)(=O)c2ccccc21,4.698970004336019
NC(=S)N/N=C1\CCSc2ccccc21,5.698970004336019
NC(=S)N/N=C1\CCc2ccccc21,4.769551078621726
NC(=S)N/N=C1\CCc2ccccc2O1,4.795880017344075
NC(=S)N1CCC(c2ccc(Cl)c(Cl)c2)=N1,7.221848749616356
NC(=S)N1CCC(c2cccc(Br)c2)=N1,6.698970004336019
NC(=S)N1CCC(c2cccc(Cl)c2)=N1,6.568636235841013
NC(=S)NN=C(c1cccc(Br)c1)c1cccc(Br)c1,7.619788758288394
NC1=NS(=O)(=O)N(Cc2ccc(Cl)cc2)c2nc(-c3ccccc3F)[nH]c21,4.0655015487564325
NC1=NS(=O)(=O)N(Cc2ccccc2)c2nc(-c3ccccc3)n(Cc3ccccc3)c21,4.091514981121351
NC1=NS(=O)(=O)N=C(N)C1=Cc1ccc([N+](=O)[O-])o1,4.698970004336019
NC1=NS(=O)(=O)Nc2nc(C3CCCCC3)[nH]c21,4.920818753952375
NC1=NS(=O)(=O)Nc2nc(Cc3ccccc3)[nH]c21,4.638272163982407
NCCCCC(N)C(=O)Nc1ccc2ccccc2c1,4.0
NCCCCN(CCCN)CCCNc1cc(Cl)ccc1Sc1ccccc1,6.0
NCCCN1CCN(CCCNC2=C(c3c[nH]c4ccccc34)C(=O)N(CCCN3CCN(CCCN)CC3)C2=O)CC1,5.267606240177032
NCCCN1c2ccccc2Sc2ccc(Cl)cc21,3.856985199745905
NCCCN1c2ccccc2Sc2ccccc21,2.850165303284215
NNC(=O)c1ccc([N+](=O)[O-])o1,4.301029995663981
NNC(=O)c1csc(COc2ccc(C3SCCS3)cc2)n1,5.0
N[C@@H](Cc1cc(-c2ccc(Cl)cc2Cl)cc(CP(=O)(O)O)c1O)C(=O)O,3.9574260939365473
Nc1c(C2=NCCN2)cnn1-c1cc(Cl)cc(Cl)c1,4.619788758288394
Nc1c(C2=NCCN2)cnn1-c1ccc(Cl)c(Cl)c1,3.744727494896694
Nc1ccccc1-c1nnc(C(=O)NC2CCCCC2)o1,4.6020599913279625
Nc1ccccc1-c1nnc(C(=O)NC2CCCCCC2)o1,4.853871964321762
Nc1ccccc1-c1nnc(C(=O)NC2CCNCC2)o1,4.0
Nc1ccccc1-c1nnc(C(=O)NC2CCc3ccccc32)o1,4.769551078621726
Nc1ccccc1-c1nnc(C(=O)NC2Cc3ccccc3C2)o1,4.958607314841775
Nc1ccccc1-c1nnc(C(=O)NCCCN2CCCC2=O)o1,4.0
Nc1ccccc1-c1nnc(C(=O)NCCCn2ccnc2)o1,4.0
Nc1ccccc1-c1nnc(C(=O)NCCN2CCNC2=O)o1,4.0
Nc1ccccc1-c1nnc(C(=O)NCCN2CCOCC2)o1,4.0
Nc1ccccc1-c1nnc(C(=O)NCc2c(Cl)cccc2Cl)o1,5.096910013008056
Nc1ccccc1-c1nnc(C(=O)NCc2c(N)cccc2F)o1,4.2839966563652006
Nc1ccccc1-c1nnc(C(=O)NCc2ccc(C(F)(F)F)c(F)c2)o1,5.0
Nc1ccccc1-c1nnc(C(=O)NCc2ccc(Cn3cccn3)cc2)o1,5.096910013008056
Nc1ccccc1-c1nnc(C(=O)NCc2ccc(Oc3ccccc3)cc2)o1,5.221848749616356
Nc1ccccc1-c1nnc(C(=O)NCc2ccc3c(c2)OCO3)o1,5.221848749616356
Nc1ccccc1-c1nnc(C(=O)NCc2cccc(-n3cccn3)c2)o1,4.769551078621726
Nc1ccccc1-c1nnc(C(=O)NCc2cccc(N3CCOCC3)c2)o1,4.481486060122113
Nc1ccccc1-c1nnc(C(=O)NCc2cccc3nsnc23)o1,5.221848749616356
Nc1ccccc1-c1nnc(C(=O)NCc2ccccc2N2CCOCC2)o1,4.42021640338319
Nc1ccccc1-c1nnc(C(=O)NCc2ccccc2OC2CCOCC2)o1,4.376750709602099
Nc1ccccc1-c1nnc(C(=O)NCc2ccnc(N3CCOCC3)c2)o1,4.080921907623926
Nc1ccccc1-c1nnc(C(=O)NCc2ccnc(N3CCSCC3)c2)o1,4.638272163982407
Nc1ccccc1-c1nnc(C(=O)NCc2csc(-c3cccs3)n2)o1,5.698970004336019
Nc1ccccc1-c1nnc(C(=O)NCc2nc3ccccc3[nH]2)o1,4.769551078621726
Nc1ccccc1-c1nnc(C(=O)N[C@@H]2c3ccccc3C[C@@H]2O)o1,4.494850021680094
Nc1ccccc1-c1nnc(C(=O)N[C@H]2CCCCNC2=O)o1,4.0
Nc1ccccc1-c1nnc(C(=O)Nc2cc(-c3ccccc3)[nH]n2)o1,6.096910013008056
Nc1ccccc1-c1nnc(C(=O)Nc2cc(-c3cccs3)[nH]n2)o1,5.49784995705952
Nc1ccccc1-c1nnc(C(=O)Nc2ccc(N3CCOCC3)cc2)o1,4.207608310501746
Nc1ccccc1-c1nnc(C(=O)Nc2ccc3[nH]ncc3c2)o1,4.3872161432802645
Nc1ccccc1-c1nnc(C(=O)Nc2ccc3oc4c(c3c2)CCCC4)o1,5.698970004336019
Nc1ccccc1-c1nnc(C(=O)Nc2cccc(N3CCCC3)c2)o1,4.86726767133992
Nc1ccccc1-c1nnc(C(=O)Nc2nc(-c3ccc(Cl)cc3)cs2)o1,5.522878745280337
Nc1ccccc1-c1nnc(C(=O)Nc2nnc(-c3ccc(Cl)cc3)s2)o1,5.3979400086720375
Nc1ccccc1C(=O)OCC(=O)Nc1cc(Cl)ccc1Cl,4.236572006437063
Nc1ncc(N2CCN(c3ccc(C(F)(F)F)cc3)CC2)c(N)n1,8.209714835966759
Nc1ncc(N2CCN(c3ccc(C(F)(F)F)nc3)CC2)c(N)n1,8.250263684430939
Nc1ncc(N2CCN(c3ccc(Cl)cc3)CC2)c(N)n1,8.170053304058364
Nc1ncc(N2CCN(c3ccc(F)cc3)CC2)c(N)n1,7.300162274132754
Nc1ncc(N2CCN(c3cccc(-c4ccncn4)c3)CC2)c(N)n1,7.801342913045578
Nc1ncc(N2CCN(c3ccccc3)CC2)c(N)n1,7.040005161671584
Nc1ncccc1C(=O)OCC(=O)NC1CCCCCC1,4.060480747381382
Nc1ncccc1C(=O)OCC(=O)Nc1cc(Cl)ccc1Cl,4.296580939320656
Nc1ncccc1C(=O)OCC(=O)Nc1ccc2c(c1)OCCO2,3.739928612014925
Nc1ncccc1C(=O)OCC(=O)Nc1ccccc1OC(F)F,3.899629454882437
O=C(/C=C/C=C/c1ccco1)/C=C/C=C/c1ccco1,5.522878745280337
O=C(/C=C/c1ccc(O)cc1)OC[C@H]1O[C@@H](Oc2c(-c3ccc(O)cc3)oc3cc(O)cc(O)c3c2=O)[C@H](O)[C@@H](O)[C@@H]1O,4.337242168318426
O=C(/C=C/c1ccc2c(c1)OCO2)N/N=C/c1ccccc1O,4.126098402135539
O=C(/C=C/c1ccc2c(c1)OCO2)c1ccc(Br)cc1,4.698970004336019
O=C(/C=C/c1ccccc1)N/N=C/c1ccccc1O,4.282329496997738
O=C(CBr)N1c2ccccc2Sc2ccc(Cl)cc21,3.600326278518962
O=C(CC1(O)C(=O)Nc2cc(Cl)cc(Cl)c21)c1ccccc1O,3.953114109250635
O=C(CC1CCCCC1)c1ccc(OC(F)F)c(OC(F)F)c1,5.267606240177032
O=C(CC1CCCCC1)c1ccc(OC(F)F)c(OC2CCOC2)c1,5.6020599913279625
O=C(CCC(=O)N1c2ccccc2Sc2ccc(Cl)cc21)NCc1ccccc1,3.72584215073632
O=C(CCC(=O)N1c2ccccc2Sc2ccc(Cl)cc21)NNc1ccccc1,3.821023052706831
O=C(CCC1CCCCC1)c1ccc(OC(F)F)c(OC2CCOC2)c1,5.275724130399211
O=C(CCCc1ccccc1)c1ccc(OC(F)F)c(OC(F)F)c1,5.6020599913279625
O=C(CCCc1ccccc1)c1ccc(OC(F)F)c(OC2CCOC2)c1,5.494850021680094
O=C(CCN1CCN2CCCCC2C1)N1c2ccccc2Sc2ccc(Cl)cc21,4.450996737974212
O=C(CCc1ccccc1)N/N=C/c1ccccc1O,4.0
O=C(CCc1ccccc1)c1ccc(OC(F)F)c(OC(F)F)c1,5.657577319177793
O=C(CCc1ccccc1)c1ccc(OC(F)F)c(OC2CCOC2)c1,5.6020599913279625
O=C(CCc1ccccc1Br)NCCc1nc2ccccc2[nH]1,4.110698297493689
O=C(CCl)N1c2ccccc2Sc2ccc(Cl)cc21,3.0644927341752872
O=C(CN1C(=O)C2CC=CCC2C1=O)Nc1ccccc1Sc1ccc(Cl)cc1,4.0
O=C(CN1C(=O)NC2(CCCCCC2)C1=O)Nc1ccccc1Sc1ccccc1,4.0
O=C(CN1CCCCCC1)N1c2ccccc2Sc2ccc(Cl)cc21,4.104025267640935
O=C(CN1CCN(c2ccccc2)CC1)Nc1ccccc1Sc1ccccc1,4.0
O=C(CN1CCc2ccccc21)Nc1nnc(-c2cccs2)s1,5.0
O=C(CNC(=O)c1ccc(Cl)cc1)OC(C(=O)Nc1ccc(Cl)cc1C(F)(F)F)c1ccccc1,6.154901959985743
O=C(CNC(=O)c1ccc(Cl)cc1)OCC(=O)c1ccc2c(c1)OCCO2,6.301029995663981
O=C(CNC(=O)c1ccccc1)OC(C(=O)Nc1cc(C(F)(F)F)ccc1Cl)c1ccccc1,6.522878745280337
O=C(CNc1ccccc1)N1c2ccccc2Sc2ccc(Cl)cc21,3.5917600346881504
O=C(COC(=O)c1cc(-c2ccco2)nc2ccccc12)NCc1ccc2c(c1)OCO2,4.372363747448347
O=C(COC(=O)c1cccc(Oc2ccccc2)c1)Nc1nnc(-c2ccccc2)o1,4.5713337517843655
O=C(COC(=O)c1ccccn1)Nc1cc(Cl)ccc1Cl,3.6989700043360183
O=C(COCc1ccccc1Br)NCCc1nc2ccccc2[nH]1,4.110698297493689
O=C(COc1ccc(Br)cc1)NCCc1nc2ccccc2[nH]1,5.568636235841013
O=C(COc1ccc2ccccc2c1)NCCc1nc2ccccc2[nH]1,5.522878745280337
O=C(COc1ccc2ccccc2c1Br)NCCc1nc2cc(Cl)ccc2[nH]1,6.225498368987106
O=C(COc1ccc2ccccc2c1Br)NCCc1nc2ccccc2[nH]1,6.6777807052660805
O=C(COc1ccc2ccccc2c1CO)NCCc1nc2ccccc2[nH]1,4.896196279044043
O=C(COc1ccc2ccccc2c1O)NCCc1nc2ccccc2[nH]1,5.086186147616283
O=C(COc1cccc(Br)c1)NCCc1nc2ccccc2[nH]1,6.096910013008056
O=C(COc1cccc2ccccc12)NCCc1nc2ccccc2[nH]1,5.2839966563652006
O=C(COc1ccccc1)NCCc1nc2ccccc2[nH]1,4.962573502059376
O=C(COc1ccccc1Br)NCCc1nc2ccccc2[nH]1,6.096910013008056
O=C(COc1ccccc1Cl)NCCc1nc2ccccc2[nH]1,5.522878745280337
O=C(COc1ccccc1F)NCCc1nc2ccccc2[nH]1,5.275724130399211
O=C(COc1ccccc1I)NCCc1nc2ccccc2[nH]1,5.795880017344075
O=C(COc1ccccc1[N+](=O)[O-])NCCc1nc2ccccc2[nH]1,4.87942606879415
O=C(COc1ncnc2cc(Cl)ccc12)Nc1ccccc1Cl,5.0
O=C(CSCc1ccc(Cl)cc1)c1ccco1,4.0713337517843655
O=C(CS[n+]1cc(-c2ccc(F)cc2)cs1)NC(=O)NCc1ccco1.[Cl-],4.221848749616356
O=C(CSc1ccccc1)NCCc1nc2ccccc2[nH]1,4.4156687756324695
O=C(CSc1nc2ccccc2[nH]1)Nc1ncc([N+](=O)[O-])s1,5.522878745280337
O=C(CSc1nnc(-c2ccccc2)o1)N1CCN(c2ccccc2)CC1,4.372363747448347
O=C(Cc1ccc(Cl)c(Cl)c1)Nc1ccc(S(=O)(=O)Nc2cc[nH]n2)cc1,6.136677139879544
O=C(Cc1ccc(Cl)c(Cl)c1)Nc1ccc(S(=O)(=O)Nc2ccc(C(=O)O)cc2)cc1,6.537602002101044
O=C(Cc1ccc(Cl)c(Cl)c1)Nc1ccc(S(=O)(=O)Nc2cccc(C(=O)O)c2)cc1,6.236572006437063
O=C(Cc1ccc(Cl)c(Cl)c1)Nc1ccc(S(=O)(=O)Nc2cccc(O)c2)cc1,5.787812395596042
O=C(Cc1ccc(Cl)c(Cl)c1)Nc1ccc(S(=O)(=O)Nc2ccccc2)cc1,4.787812395596042
O=C(Cc1ccc(Cl)c(Cl)c1)Nc1ccc(S(=O)(=O)Nc2ccon2)cc1,6.886056647693163
O=C(Cc1ccc(Cl)c(Cl)c1)Nc1ccc(S(=O)(=O)Nc2cncnc2)cc1,6.136677139879544
O=C(Cc1ccc(Cl)c(Cl)c1)Nc1ccc(S(=O)(=O)Nc2nccs2)cc1,7.387216143280264
O=C(Cc1ccc(Cl)c(Cl)c1)Nc1ccc(S(=O)(=O)Nc2nncs2)cc1,7.2839966563652
O=C(Cc1ccc(Cl)c(Cl)c1)Nc1ccc(S(=O)(=O)O)cc1,6.337242168318426
O=C(Cc1ccc(F)c(Cl)c1)Nc1ccc(S(=O)(=O)Nc2nccs2)cc1,6.920818753952375
O=C(Cc1ccc(F)c(Cl)c1)Nc1ccc(S(=O)(=O)Nc2nncs2)cc1,6.764471553092451
O=C(Cc1ccc2ccccc2c1)NNC(=O)c1ccc([N+](=O)[O-])o1,4.6020599913279625
O=C(Cc1ccccc1)Nc1cc(Cl)ccc1Sc1ccccc1,4.434152181326483
O=C(Cn1c(=O)oc2ccccc21)Nc1oc(-c2ccccc2)c(-c2ccccc2)c1O,4.5713337517843655
O=C(Cn1nnc(N2CCCC2)n1)N/N=C/c1ccncc1,5.0
O=C(N/N=C/c1c(-c2ccccc2)no[n+]1[O-])c1ccc([N+](=O)[O-])cc1,4.82102305270683
O=C(N/N=C/c1cc(Br)cs1)c1cnc2ccccc2c1,4.519999959791458
O=C(N/N=C/c1ccc(-c2ccc(Cl)cc2)o1)c1ccccc1O,4.0
O=C(N/N=C/c1ccc(-c2cccc([N+](=O)[O-])c2)o1)c1ccc2ccccc2c1,5.219999701663429
O=C(N/N=C/c1ccc(-c2ccccc2Cl)o1)c1cc2ccccc2cc1O,6.219999701663429
O=C(N/N=C/c1ccc(-c2ccccc2[N+](=O)[O-])o1)c1ccccc1O,4.70000006855703
O=C(N/N=C/c1ccc(C(=O)O)o1)c1cccc([N+](=O)[O-])c1,3.48000000194449
O=C(N/N=C/c1ccc([N+](=O)[O-])o1)c1cc2ccccc2cc1O,5.219999701663429
O=C(N/N=C/c1ccc([N+](=O)[O-])o1)c1cccc([N+](=O)[O-])c1,5.300000202445418
O=C(N/N=C/c1ccc2c(c1)OCO2)c1nc(-c2ccc(Br)cc2)no1,7.522878745280337
O=C(N/N=C/c1ccnc2ccccc12)c1ccccc1O,4.519999959791458
O=C(NC(=S)Nc1ccc(O)cc1)c1sc2ccccc2c1Cl,5.0
O=C(NC(=S)Nc1ncccc1OCc1ccccc1)c1cccn1S(=O)(=O)c1ccccc1,5.522878745280337
O=C(NCc1ccco1)C1Cc2c(F)cccc2CN1,4.585026652029182
O=C(NCc1ccco1)C1Cc2ccccc2CN1,5.522878745280337
O=C(NCc1csc(-c2cccs2)n1)C1=Cc2ccccc2OC1,5.0
O=C(NNC(=O)c1ccc([N+](=O)[O-])o1)c1ccc([N+](=O)[O-])o1,4.301029995663981
O=C(N[C@@H](Cc1ccccc1)C(=O)N[C@@H](CCc1ccccc1)C(=O)[C@@H]1CO1)OCc1ccccc1,8.0
O=C(N[C@@H](Cc1ccccc1)C(=O)N[C@@H](CCc1ccccc1)C(=O)[C@H]1CO1)OCc1ccccc1,6.0
O=C(N[C@H](/C=C/S(=O)(=O)c1ccccc1)CCc1ccccc1)[C@@H]1CCCC[C@H]1C(=O)c1ccc(Cl)cc1,7.301029995663981
O=C(N[C@H](/C=C/S(=O)(=O)c1ccccc1)CCc1ccccc1)[C@H]1CCCC[C@@H]1C(=O)c1ccc(Cl)cc1,4.0
O=C(N[C@H](/C=C/S(=O)(=O)c1ccccc1)CCc1ccccc1)c1cc(-c2ccccc2)no1,5.698970004336019
O=C(N[C@H](/C=C/S(=O)(=O)c1ccccc1)CCc1ccccc1)c1cc(-c2ccccn2)no1,5.221848749616356
O=C(N[C@H](/C=C/S(=O)(=O)c1ccccc1)CCc1ccccc1)c1cc(-c2cccnc2)no1,6.0
O=C(N[C@H](/C=C/S(=O)(=O)c1ccccc1)CCc1ccccc1)c1cc(-c2ccncc2)no1,5.301029995663981
O=C(Nc1cc(Cl)ccc1Sc1ccccc1)c1ccc([N+](=O)[O-])cc1,4.351639989019068
O=C(Nc1cc(Cl)ccc1Sc1ccccc1)c1ccccc1,4.304518323509803
O=C(Nc1ccc(/N=N/c2ccccc2)cc1)c1cccc(Cl)c1,4.920818753952375
O=C(Nc1ccc(Cl)cc1)Nc1csc(-c2ccc(C(F)(F)F)cc2)n1,5.920818753952375
O=C(Nc1ccc(S(=O)(=O)N2CCCCC2)cc1)NC1CCCC1,5.0
O=C(Nc1cccc2c(=O)cc(-c3nnn[nH]3)oc12)c1ccc(OCCCCc2ccccc2)cc1,4.661196523639753
O=C(Nc1cccnc1)NC1CCN(Cc2ccccc2)CC1,4.0
O=C(Nc1csc2ccccc12)NC1Cc2ccccc2C1,5.0
O=C(Nc1nc(-c2ccc(S(=O)(=O)N3CCCCCC3)cc2)cs1)c1cccs1,4.5713337517843655
O=C(Nc1nc(-c2cccc(Br)c2)cs1)Oc1ccccc1,4.522878745280337
O=C(Nc1nc(-c2cccs2)cs1)c1ccc(S(=O)(=O)N2CCCC2)cc1,4.5713337517843655
O=C(O)C/C(=C\c1cccc(C(F)(F)F)c1)c1nc2ccccc2s1,3.823908740944319
O=C(O)C/C(=C\c1cccc(F)c1)c1nc2ccccc2s1,3.9208187539523753
O=C(O)C/C(=C\c1cccc(O)c1)c1nc2ccccc2s1,3.283996656365201
O=C(O)C1=CC(=C(c2ccc(O)c(C(=O)O)c2)c2ccc(O)c(C(=O)O)c2)C=CC1=O,4.414283049528496
O=C(O)CCC(=O)N1c2ccccc2Sc2ccc(Cl)cc21,2.828566099056992
O=C(O)CCC1=C(CCC(=O)O)C(=O)c2ccccc2C1=O,4.301029995663981
O=C(O)CCCC1=C(CCCC(=O)O)C(=O)c2ccccc2C1=O,4.301029995663981
O=C(O)CCCCC1=C(CCCCC(=O)O)C(=O)c2ccccc2C1=O,4.301029995663981
O=C(O)CCCCCC1=C(CCCCCC(=O)O)C(=O)c2ccccc2C1=O,4.301029995663981
O=C(O)c1c(O)cccc1CCCCCCCCCCO,3.619788758288394
O=C(O)c1c(O)cccc1CCCCCCCCO,3.6020599913279625
O=C(O)c1c(O)cccc1CCCCCCO,3.6020599913279625
O=C(O)c1ccc(CS(=O)(=O)NCB(O)O)cc1,3.3010299956639813
O=C(O)c1ccc2c(c1)C(=O)N(C(Cc1ccc(O)cc1)C(=O)O)C2=O,2.0
O=C(Oc1cccnc1)c1cc2ccccc2oc1=O,4.100329725273209
O=C(SCc1ccco1)c1csc(C2COc3ccccc3O2)n1,5.0
O=C(c1ccc(Nc2nc(NCCCO)c3ccccc3n2)cc1)N1CCOCC1,4.823908740944319
O=C(c1ccc(Nc2nc(NCCN3CCOCC3)c3ccccc3n2)cc1)N1CCOCC1,4.869666231504994
O=C(c1ccc(Nc2nc(NCc3ccccc3)c3ccccc3n2)cc1)N1CCOCC1,5.154901959985743
O=C(c1ccc(OCCN2CCCCC2)cc1)c1c(-c2ccc(O)cc2)sc2cc(O)ccc12,4.198708280030201
O=C(c1ccccc1)c1cn(CC(=O)N2CCCC2)c2ccccc12,4.0713337517843655
O=C1/C(=C/C=C/c2ccco2)CCC/C1=C\C=C\c1ccco1,4.431798275933005
O=C1/C(=C/c2ccc(Cn3cc(-c4ccccc4)nn3)cc2)CC/C1=C\c1ccc(Cn2cc(-c3ccccc3)nn2)cc1,4.0
O=C1/C(=C/c2ccc(Cn3cc(CCO)nn3)cc2)CC/C1=C\c1ccc(Cn2cc(CCO)nn2)cc1,4.0
O=C1/C(=C/c2ccc([N+](=O)[O-])cc2)CC/C1=C\c1ccc([N+](=O)[O-])cc1,4.0
O=C1/C(=C/c2ccc[nH]2)CC/C1=C\c1ccc[nH]1,4.0
O=C1/C(=C/c2ccc[nH]2)CCC/C1=C\c1ccc[nH]1,4.0
O=C1/C(=C/c2cccc3cnccc23)CC/C1=C\c1cccc2cnccc12,4.0
O=C1/C(=C/c2cccc3cnccc23)CCC/C1=C\c1cccc2cnccc12,4.0
O=C1/C(=C/c2ccccc2)CC/C1=C\c1ccccc1,4.0
O=C1/C(=C/c2ccccc2)CCC/C1=C\c1ccccc1,4.339134521996131
O=C1/C(=C/c2ccnc3ccccc23)CC/C1=C\c1ccnc2ccccc12,4.0
O=C1/C(=C/c2ccnc3ccccc23)CCC/C1=C\c1ccnc2ccccc12,4.0
O=C1/C(=C/c2ccncc2)CC/C1=C\c1ccncc1,4.0
O=C1/C(=C/c2ccncc2)CCC/C1=C\c1ccncc1,4.832682665251824
O=C1C(=Cc2ccc([N+](=O)[O-])o2)C(=O)N(Cc2ccccc2)S(=O)(=O)N1Cc1ccccc1,4.886056647693163
O=C1C(=Cc2ccc([N+](=O)[O-])o2)C(=O)N(Cc2ccccc2)[SH](=O)(O)N1Cc1ccccc1,4.886056647693163
O=C1C(=O)N(C(=O)OCc2ccccc2)c2ccc(Cl)cc21,4.096910013008056
O=C1C(=O)N(C(=O)OCc2ccccc2)c2ccc(F)cc21,5.0
O=C1C(=O)N(C(=O)OCc2ccccc2)c2ccccc21,5.0
O=C1C(=O)N(C(=O)c2ccccc2)c2ccccc21,5.0
O=C1C(=O)N(Cc2ccc(Cl)cc2)c2ccc(Cl)cc21,5.221848749616356
O=C1C(=O)N(Cc2ccccc2)c2ccc(Cl)cc21,4.045757490560675
O=C1C(=O)N(Cc2ccccc2)c2ccc(I)cc21,4.045757490560675
O=C1C(=O)N(Cc2ccccc2)c2ccccc21,5.0
O=C1C(=O)N(S(=O)(=O)c2ccccc2)c2ccccc21,5.0
O=C1C(=O)N(c2ccccc2)c2ccccc21,5.0
O=C1C(Cl)=C(N(C(=O)CCl)C(=O)CCl)C(=O)c2ccccc21,4.3979400086720375
O=C1C(Cl)=C(N(C(=O)c2cccc(Cl)c2)C(=O)c2cccc(Cl)c2)C(=O)c2ccccc21,5.096910013008056
O=C1C(Cl)=C(N2C(=O)CCC2=O)C(=O)c2ccccc21,5.221848749616356
O=C1C(Cl)=C(N2C(=O)c3ccccc3C2=O)C(=O)c2ccccc21,4.920818753952375
O=C1C=C(Nc2ccc(S(=O)(=O)Nc3ccccn3)cc2)C(=O)c2ccccc21,5.200659450546418
O=C1C=CC2=C(Oc3c(ccc(O)c3O)/C2=C\C=C(O)O)C1=O,3.998485264723191
O=C1CC(Sc2ccc(Cl)cc2)C(=O)N1Cc1ccncc1,5.0
O=C1NC(=O)C(c2c[nH]c3ccccc23)=C1NCCCNCCCNC1=C(c2c[nH]c3ccccc23)C(=O)NC1=O,4.2441251443275085
O=C1Nc2ccc(Br)cc2C1=O,5.0
O=C1Nc2ccc(Cl)cc2C1=O,5.0
O=C1Nc2ccc(F)cc2C1=O,5.0
O=C1Nc2ccc(I)cc2C1=O,5.0
O=C1Nc2ccc(OC(F)(F)F)cc2C1=O,5.0
O=C1Nc2ccc([N+](=O)[O-])cc2C1=O,5.0
O=C1Nc2ccccc2C1=O,5.0
O=C1c2c(O)cc(O)cc2OC(c2ccc(O)cc2)C1c1c(O)cc(O)c2c(=O)cc(-c3ccc(O)c(O)c3)oc12,5.017728766960431
O=C1c2ccccc2C(=O)N1Cc1csc(-c2cccs2)n1,5.3872161432802645
O=C1c2ccccc2S(=O)(=O)N1Cc1nc2ccccc2s1,5.259637310505756
O=CCCCCCCCc1cccc(O)c1C(=O)O,3.6020599913279625
O=Cc1c(OCC(=O)NCCc2nc3ccccc3[nH]2)ccc2ccccc12,4.869666231504994
O=Cc1ccc(OC(F)F)c(O)c1,5.0
O=P(O)(O)C(CNC1CCCCC1)P(=O)(O)O,5.998657843505136
O=P(O)(O)C(CNCc1ccccc1)P(=O)(O)O,5.5
O=P(O)(O)C(CNN1CCCC1)P(=O)(O)O,5.600682962862756
O=P(O)(O)C(CNN1CCCCC1)P(=O)(O)O,5.770322003287138
O=P(O)(O)C(CN[C@@H](CO)c1ccccc1)P(=O)(O)O,3.5214393741071595
O=P(O)(O)C(CNc1cccc(-c2ccccc2)c1)P(=O)(O)O,5.670395106339825
O=P(O)(O)C(Cc1cccc(-c2ccccc2)c1)S(=O)(=O)O,3.5214393741071595
O=P(O)(O)C(NC1CC1)P(=O)(O)O,3.5214393741071595
O=P(O)(O)C(Nc1ccc(Cl)cc1Cl)P(=O)(O)O,3.5214393741071595
O=P(O)(O)C(Nc1ccc(F)c(-c2ccccc2)c1)P(=O)(O)O,5.440046720238474
O=P(O)(O)C(Nc1ccc2ccccc2c1)c1ccccc1,3.292429823902064
O=P(O)(O)C(Nc1cccc(-c2ccc(F)c(F)c2)c1)P(=O)(O)O,5.737394027609958
O=P(O)(O)C(Nc1cccc(-c2ccc(O)nc2)c1)P(=O)(O)O,3.5214393741071595
O=P(O)(O)C(Nc1cccc(-c2ccccc2)c1)P(=O)(O)O,5.837160464759116
O=P(O)(O)C(Nc1cccc(-c2ccccc2)c1)c1ccccc1,2.2533658010624213
O=P(O)(O)C(Nc1cccc(Br)c1)P(=O)(O)O,6.021517988482856
O=P(O)(O)C(Nc1cccc(CO)c1)P(=O)(O)O,5.2504177932333365
O=P(O)(O)C(Nc1cccc2ccccc12)c1cc(C(F)(F)F)cc(C(F)(F)F)c1,2.628932137728264
O=P(O)(O)C(Nc1cccc2ccccc12)c1ccc(C(F)(F)F)cc1,3.537602002101044
O=P(O)(O)C(Nc1cccc2ccccc12)c1ccc(Cl)cc1,3.1487416512809245
O=P(O)(O)C(Nc1cccc2ccccc12)c1ccccc1,3.3279021420642825
O=P(O)(O)C(Nc1ccccc1)c1ccccc1,2.1249387366083
O=P(O)(O)C(Nc1ccccc1-c1ccccc1)c1ccccc1,3.2006594505464183
O=P(O)(O)C(Nc1ncccc1OCc1ccccc1)P(=O)(O)O,3.5214393741071595
O=P(O)(O)C(O)(CC12CC3CC(CC(C3)C1)C2)P(=O)(O)O,3.5214393741071595
O=P(O)(O)C(O)(CNc1ccncc1)P(=O)(O)O,3.5214393741071595
O=P(O)(O)C(O)(C[n+]1cccc(-c2cccc(-c3ccccc3)c2)c1)P(=O)(O)O,5.640082036340232
O=P(O)(O)C(O)(C[n+]1cccc(-c2ccccc2)c1)P(=O)(O)O,3.5214393741071595
O=P(O)(O)C(O)(C[n+]1ccccc1)P(=O)(O)O,3.5214393741071595
O=P(O)(O)C(O)(Cc1cccc(-c2ccc(O)nc2)c1)P(=O)(O)O,3.5214393741071595
O=P(O)(O)C(O)(Cc1cccnc1)P(=O)(O)O,5.545037804974086
O=P(O)(O)C(O)(Cc1ccncc1)P(=O)(O)O,4.898608625328038
O=P(O)(O)C(O)(Cn1cnc(-c2ccccc2)c1)P(=O)(O)O,5.739964408466519
O=P(O)(O)C(O)(Cn1cnc2ccccc21)P(=O)(O)O,3.5214393741071595
O=P(O)(O)C(O)(NC1CCCCCC1)P(=O)(O)O,3.5214393741071595
O=P(O)(O)C(O)(c1cccc(-c2ccccc2)c1)P(=O)(O)O,5.003728481423779
O=P(O)(O)CNc1cccc(-c2ccccc2)c1,3.5214393741071595
O=S(=O)(/C=C/c1ccc2c(c1)no[n+]2[O-])c1ccccc1,4.301029995663981
O=S(=O)(/C=C\c1ccc2c(c1)no[n+]2[O-])c1ccccc1,4.301029995663981
O=S(=O)(Cc1ccccc1)NCB(O)O,3.3010299956639813
O=S(=O)(Cc1ccco1)Cc1nc(-c2ccccc2)cs1,5.42021640338319
O=S(=O)(Cc1noc(-c2ccc(Cl)cc2)n1)c1ccccn1,5.619788758288394
O=S(=O)(Cc1noc(-c2cccs2)n1)c1ccc(F)cc1,5.0
O=S(=O)(Cc1noc(-c2ccno2)n1)Cc1ccco1,5.346787486224656
O=S(=O)(Cc1noc(CSc2ccc(Cl)cc2)n1)c1ccccn1,5.0
O=S(=O)(O)CCCSc1nc2ccccc2s1,4.481486060122113
O=[N+]([O-])c1ccc(/C=N/Nc2nccc(C(F)(F)F)n2)cc1,4.0
O=[N+]([O-])c1ccc(C(Nc2cccc3ccccc23)P(=O)(O)O)cc1,3.677780705266081
O=[N+]([O-])c1cccc(-c2csc(N/N=C/c3ccccn3)n2)c1,5.886056647693163
O=[N+]([O-])c1cccc(NC(P(=O)(O)O)P(=O)(O)O)c1,5.777101422627081
O=[N+]([O-])c1ccccc1S(=O)(=O)NC[C@H]1CC[C@H](CNCC2CCc3ccccc3C2)CC1,4.0713337517843655
O=c1c(-c2ccc(O)cc2)coc2cc(O)cc(O)c12,3.740217249559745
O=c1c(O)c(-c2ccc(O)c(O)c2)oc2cc(O)cc(O)c12,3.847711655616944
O=c1c(O)c(-c2ccc(O)c(O)c2)oc2cc(O)ccc12,4.372363747448347
O=c1c(O[C@@H]2OC[C@H](O)[C@H](O)[C@H]2O)c(-c2ccc(O)c(O)c2)oc2cc(O)cc(O)c12,3.853871964321762
O=c1c2cc(O)c(O)cc2oc2cc(O)c([C@@H]3O[C@H](CO)[C@@H](O)[C@H](O)[C@H]3O)c(O)c12,3.826813731587726
O=c1cc(-c2ccc(O)c(O)c2)oc2cc(O)cc(O)c12,4.185774370195562
O=c1ccc2ccc(O)cc2o1,3.210010566587306
O=c1ccc2ccccc2o1,3.160000609491408
O=c1oc(-c2ccccc2)ns1,5.0
O=c1oc2c(O)c(O)cc3c(=O)oc4c(O)c(O)cc1c4c23,3.925698672596953
OCC(CO)NCc1ccc(-c2ccc(Br)cc2Cl)o1,3.826813731587726
OCC(CO)NCc1ccc(-c2ccc(Cl)c(C(F)(F)F)c2)o1,3.876148359032914
OCCCNc1ccnc2cc(Cl)ccc12,4.552841968657781
OCCCNc1nc(NCc2ccccc2)c2ccccc2n1,4.657577319177793
OCCCNc1nc(Nc2ccc(Cl)cc2)nc2ccccc12,5.136677139879544
OCCCNc1nc(Nc2cccc(F)c2)c2ccccc2n1,4.6020599913279625
OCCN1CCN(CCCN2c3ccccc3Sc3ccc(C(F)(F)F)cc32)CC1,4.132532512140949
OCCNCc1ccc(-c2ccc(Br)cc2Cl)o1,4.292429823902063
OCCNc1ccnc2cc(Cl)ccc12,4.207608310501746
OC[C@H]1O[C@@H](O[C@@H]2[C@@H](CO)O[C@](O)(CO)[C@H]2O)[C@H](O)[C@@H](O)[C@H]1O,3.2441251443275085
OCc1ccc(-c2cc(-c3ccc4c(c3)OCO4)no2)cc1,4.0
Oc1cc(-c2ccc(Cl)c(Cl)c2)[nH]n1,4.5713337517843655
Oc1ccc(Nc2nc(NCc3ccccc3)c3ccccc3n2)cc1,4.7447274948966935
Oc1cccc(Nc2nc(NCc3ccccc3)c3ccccc3n2)c1,4.7447274948966935
S=C(NCCN1CCOCC1)N1CCC(c2cccc(Br)c2)=N1,5.0
S=C(NCc1ccco1)N1CCC(c2cccc(Br)c2)=N1,5.0
S=C(Nc1cccc(Cl)c1)N1CCC(c2cccc(Br)c2)=N1,6.0
S=C(Nc1ccccc1)N1CCC(c2cccc(Br)c2)=N1,5.0
S=C(Nc1ccccc1)NC1CCN(Cc2ccccc2)CC1,4.481486060122113
S=C(Nc1cccnc1)NC1CCN(Cc2ccccc2)CC1,5.740616249872119
S=C([S-])OC1CC2CC1C1CCCC21.[K+],4.022878745280337
[N-]=[N+]=NCc1ccc(/C=C2\CC/C(=C\c3ccc(CN=[N+]=[N-])cc3)C2=O)cc1,4.0
[O-][NH+]1c2ccc(O)cc2[NH+]([O-])c2cc(Cl)c(Cl)cc21,4.585026652029182
[O-][n+]1c2ccc(O)cc2[n+]([O-])c2cc(Cl)c(Cl)cc21,4.585026652029182
[O-][n+]1onc2ccc(/C=N/N=C/c3ccc(O)c(Br)c3)cc21,4.136677139879544
[O-][n+]1onc2ccc(/C=N/N=C/c3ccc(O)cc3)cc21,4.0
[O-][n+]1onc2ccc(/C=N/N=C/c3ccccc3O)cc21,4.167491087293763
[O-][n+]1onc2ccc(/C=N/NC(=S)Nc3ccccc3)cc21,4.107905397309519
c1ccc(-c2cc3c(NCC4COc5ccccc5O4)ncnc3s2)cc1,4.920818753952375
c1ccc(CNc2nc(Nc3ccccc3)nc3ccccc23)cc1,5.0713337517843655
c1ccc(CNc2nc(Nc3nccs3)nc3ccccc23)cc1,4.795880017344075
c1ccc(Nc2nc(Nc3ccccc3)c3ccccc3n2)cc1,4.853871964321762
c1ccc2c(c1)Sc1ccccc1N2CC1CN2CCC1CC2,4.661543506395395
c1ccc2cc(CNCCCCNCCCNCc3ccc4ccccc4c3)ccc2c1,5.022276394711152
